id,county,state,concat,Estimate!!Households!!Total,Estimate!!Families!!Total,Estimate!!Nonfamily households!!Total,"Estimate!!Households!!Total!!Less than $10,000","Estimate!!Households!!Total!!$10,000 to $14,999","Estimate!!Households!!Total!!$15,000 to $24,999","Estimate!!Households!!Total!!$25,000 to $34,999","Estimate!!Households!!Total!!$35,000 to $49,999","Estimate!!Households!!Total!!$50,000 to $74,999","Estimate!!Households!!Total!!$75,000 to $99,999","Estimate!!Households!!Total!!$100,000 to $149,999","Estimate!!Households!!Total!!$150,000 to $199,999","Estimate!!Households!!Total!!$200,000 or more"
0500000US06045,Mendocino,California,MendocinoCalifornia,33794,21433,12361,4.3,7.4,11.1,10.5,14.8,21.4,11,12.1,3.7,3.7
0500000US06059,Orange,California,OrangeCalifornia,1040394,735186,305208,4.5,2.8,5.7,5.8,8.8,14.7,12.5,18.5,11.4,15.3
0500000US06067,Sacramento,California,SacramentoCalifornia,543560,359266,184294,5.3,4.2,8.2,7.4,11.4,17,13.4,17.3,8.7,7.1
0500000US06115,Yuba,California,YubaCalifornia,26191,17889,8302,4.8,6.8,9.4,12.1,18.8,13.5,12.7,13,7.7,1.2
0500000US06023,Humboldt,California,HumboldtCalifornia,55773,29581,26192,5.8,7.5,12.7,10.9,12.7,20.9,11,11.5,4.1,2.9
0500000US06039,Madera,California,MaderaCalifornia,44484,33834,10650,5.2,4.5,8.7,9.4,16.4,21.8,11.3,13.7,4.5,4.4
0500000US06111,Ventura,California,VenturaCalifornia,271980,194306,77674,3.6,2.8,6,6.2,10.8,14.1,14.4,19,10.6,12.4
0500000US06083,Santa Barbara,California,Santa BarbaraCalifornia,146224,100497,45727,4.9,3.1,6.3,7.8,10,16.3,13.4,17.1,9.4,11.6
0500000US06031,Kings,California,KingsCalifornia,43727,33774,9953,6.6,3.9,6,9.5,13,23.4,12.6,15.6,5.9,3.5
0500000US06089,Shasta,California,ShastaCalifornia,68198,45982,22216,7.3,6.1,8.5,9.1,14,18.2,11.6,15.8,5.3,4.2
0500000US06013,Contra Costa,California,Contra CostaCalifornia,396133,285418,110715,3.2,2.9,5,4.7,8.4,12.6,12.1,19.3,11.7,20.2
0500000US06079,San Luis Obispo,California,San Luis ObispoCalifornia,106198,67284,38914,6.4,3,6.7,6.6,11,18.3,12,17.5,9.3,9.2
0500000US06087,Santa Cruz,California,Santa CruzCalifornia,94994,62397,32597,5.3,3,7.2,6,9.4,13.6,11.3,16.9,10.7,16.6
0500000US06037,Los Angeles,California,Los AngelesCalifornia,3313908,2193349,1120559,6,4.6,8.2,7.8,11.2,16.2,12.3,16,7.6,10.2
0500000US06061,Placer,California,PlacerCalifornia,144691,99968,44723,4,3,6.3,7.7,8.5,14,13,19.2,10.4,14
0500000US06033,Lake,California,LakeCalifornia,26774,16035,10739,5.9,7.4,10.5,11.6,15.7,19.7,8,10.3,6.1,4.9
0500000US06075,San Francisco,California,San FranciscoCalifornia,362827,178643,184184,5.3,4.3,6,4.9,6.3,10.1,8.8,14.2,11.5,28.5
0500000US06071,San Bernardino,California,San BernardinoCalifornia,638647,486914,151733,5.2,4.6,8.8,8.5,11.7,18.3,13.9,16.1,6.9,5.9
0500000US06065,Riverside,California,RiversideCalifornia,728103,524194,203909,5.8,3.7,9,8.4,11.4,17.1,12.8,16.6,7.9,7.3
0500000US06085,Santa Clara,California,Santa ClaraCalifornia,645108,461799,183309,3.2,2.4,4.4,4,6.2,10.7,9.6,17,13,29.5
0500000US06099,Stanislaus,California,StanislausCalifornia,175171,128261,46910,5.1,4.4,10.2,9,12.8,19.4,12.1,15.9,5.7,5.4
0500000US06101,Sutter,California,SutterCalifornia,31989,23427,8562,5.4,3.9,9.5,9.4,13.6,18.9,13.3,15.8,5.8,4.5
0500000US06095,Solano,California,SolanoCalifornia,152291,108587,43704,4,2.2,5.1,4.5,10.4,17.5,15.1,21,10.4,9.9
0500000US06073,San Diego,California,San DiegoCalifornia,1130911,761247,369664,4.3,3.4,6.5,7,10.5,16,12.6,18.2,10.1,11.3
0500000US06077,San Joaquin,California,San JoaquinCalifornia,231917,174492,57425,4.7,4.3,9.7,8.2,12,18,13.2,15.9,7.7,6.3
0500000US06053,Monterey,California,MontereyCalifornia,126299,92949,33350,3.5,3,7.3,8.5,11.4,19,13.5,16.3,8.1,9.5
0500000US06055,Napa,California,NapaCalifornia,47315,33064,14251,3.3,2.2,6.5,7.2,8.4,15.9,13.1,18.9,11.1,13.3
0500000US06047,Merced,California,MercedCalifornia,79487,57977,21510,6.4,5.2,9.3,11.1,12.5,18.1,15,14.3,4,4.3
0500000US06081,San Mateo,California,San MateoCalifornia,259654,182198,77456,3.2,2.5,4.1,4.4,5.3,10.2,10.9,16.9,12.8,29.6
0500000US06001,Alameda,California,AlamedaCalifornia,575410,381320,194090,4.2,3,5.4,4.8,7.5,13.2,10.6,18,12.3,21.1
0500000US06097,Sonoma,California,SonomaCalifornia,187434,118022,69412,4,2.7,6.7,6.7,10.4,15.6,13.4,18.8,10.6,11
0500000US06113,Yolo,California,YoloCalifornia,74428,46437,27991,8,4.5,7.4,8.9,10,15.1,13.3,15.2,7.3,10.3
0500000US06107,Tulare,California,TulareCalifornia,139197,103190,36007,8.2,7.4,11.3,10.1,14,17.1,10.9,11.8,4.5,4.7
0500000US06057,Nevada,California,NevadaCalifornia,41447,25779,15668,4.6,5.2,8.6,8.5,12.6,14.3,13.4,17.8,7.2,7.8
0500000US06019,Fresno,California,FresnoCalifornia,309519,220824,88695,6.7,5.6,11.6,10.3,13.4,17.4,11.7,13.5,5.2,4.5
0500000US06007,Butte,California,ButteCalifornia,88636,51467,37169,6.7,6.6,11.6,11,12.8,16.5,10.6,13.6,5.9,4.7
0500000US06017,El Dorado,California,El DoradoCalifornia,72774,49875,22899,4.7,3.1,6.1,7.1,8.4,14.9,14.7,18.1,9,14
0500000US06025,Imperial,California,ImperialCalifornia,41764,30792,10972,9.6,7.9,11.8,7.9,13.3,17,15.8,11.9,2.5,2.3
0500000US06029,Kern,California,KernCalifornia,273167,201894,71273,7.7,5.7,10.8,10.7,13.4,17.4,11.7,12.9,5.4,4.3
0500000US06041,Marin,California,MarinCalifornia,104954,67597,37357,3.2,2.5,3.8,4,6.7,11,10.3,17.2,12.7,28.6
0500000US09011,New London,Connecticut,New LondonConnecticut,108098,69117,38981,4.5,4.4,8.1,6.2,10.9,20,13,17.1,8.9,7
0500000US09005,Litchfield,Connecticut,LitchfieldConnecticut,73598,46847,26751,3.4,2.9,7.6,9.7,9.2,16.8,13,20.8,8.3,8.4
0500000US09007,Middlesex,Connecticut,MiddlesexConnecticut,66983,41772,25211,3.5,2.3,6.2,6.9,9.3,14.7,12.6,20.6,11.6,12.2
0500000US09003,Hartford,Connecticut,HartfordConnecticut,348049,223589,124460,5.7,4.1,8,7.7,10.2,15.1,12.4,17.3,8.8,10.7
0500000US09009,New Haven,Connecticut,New HavenConnecticut,335539,207727,127812,5.8,5,7.6,8.1,11.3,16.4,12.7,15.4,8.4,9.3
0500000US09013,Tolland,Connecticut,TollandConnecticut,55619,35882,19737,4.3,3.7,5.5,4.9,7.7,12.5,15,24,11.2,11.2
0500000US09015,Windham,Connecticut,WindhamConnecticut,44571,29594,14977,6.8,3.6,8.7,5.8,11.2,21.6,14.4,15.8,7.1,4.9
0500000US09001,Fairfield,Connecticut,FairfieldConnecticut,345634,237407,108227,5.4,3,6,6.1,9,13.3,10.5,15.2,10.6,20.8
0500000US12017,Citrus,Florida,CitrusFlorida,62293,36112,26181,9.1,5.9,14.6,13.9,18.6,19.1,6.1,7.9,2.8,2.1
0500000US12097,Osceola,Florida,OsceolaFlorida,102705,72198,30507,5.7,3.8,10.6,11.3,18.1,19,11,13.6,3.5,3.3
0500000US12023,Columbia,Florida,ColumbiaFlorida,25678,15657,10021,6.5,6.5,12.7,9.8,16.1,18,14.1,9.1,4.2,3.1
0500000US12033,Escambia,Florida,EscambiaFlorida,118820,70583,48237,6.7,4.1,9.8,10.8,17.5,18.8,12.9,11.5,3.1,4.7
0500000US12113,Santa Rosa,Florida,Santa RosaFlorida,63891,50566,13325,4,3,6.5,6,14.4,20.3,14.6,18.4,5.7,7.2
0500000US12073,Leon,Florida,LeonFlorida,113390,61334,52056,9.5,5.4,9.9,10.6,13.9,15.1,13.3,10.8,5.5,5.9
0500000US12103,Pinellas,Florida,PinellasFlorida,405892,221744,184148,6.4,4.8,10.8,11.4,14,17.4,12.3,12.7,5.3,4.8
0500000US12083,Marion,Florida,MarionFlorida,143441,93029,50412,7.8,4.6,13.8,12.8,16.2,18,10.2,11.4,2.4,2.9
0500000US12091,Okaloosa,Florida,OkaloosaFlorida,79570,51819,27751,5.9,4.3,8.2,10.1,11.6,19,12.5,17.5,6.5,4.3
0500000US12117,Seminole,Florida,SeminoleFlorida,179274,121209,58065,4.8,2.8,7,8.5,11.3,19.9,14.1,17,6.4,8.2
0500000US12035,Flagler,Florida,FlaglerFlorida,41274,29721,11553,5.8,4.6,9.9,7.2,12.1,20.8,14.6,14.2,5.5,5.2
0500000US12061,Indian River,Florida,Indian RiverFlorida,57636,34563,23073,4.7,5.6,12.6,9.4,12.2,16.9,13,14.6,4.4,6.5
0500000US12085,Martin,Florida,MartinFlorida,63070,38310,24760,5.4,4.9,9.8,9.4,11.8,17.3,11.6,13.8,5.4,10.4
0500000US12005,Bay,Florida,BayFlorida,73856,49233,24623,5.4,5.1,9.4,7.4,20,20.3,12.5,13.5,3.5,2.9
0500000US12099,Palm Beach,Florida,Palm BeachFlorida,552286,337212,215074,6.3,4,9,8.9,12.5,17.7,11.5,13.9,7,9.3
0500000US12107,Putnam,Florida,PutnamFlorida,27927,17301,10626,6.9,9.4,14.4,13.6,15.4,17.8,9.8,8.7,2.5,1.4
0500000US12053,Hernando,Florida,HernandoFlorida,76163,52370,23793,8.3,4.5,13.4,12.4,14.6,21,9.9,10,3.8,2.1
0500000US12101,Pasco,Florida,PascoFlorida,205128,131802,73326,5.2,6.3,10.3,10,15.1,18.8,12.9,12.8,4.7,3.9
0500000US12115,Sarasota,Florida,SarasotaFlorida,183721,112078,71643,5.1,4.2,8.3,9.7,12.1,20.4,12.6,14.7,5,7.9
0500000US12119,Sumter,Florida,SumterFlorida,62854,40081,22773,3.8,5.3,9.7,10.4,14.5,22.1,16.1,11.8,5,1.3
0500000US12081,Manatee,Florida,ManateeFlorida,150814,99502,51312,4.4,3.9,8.6,10.6,15.5,17.8,12.2,15.7,5.5,5.9
0500000US12087,Monroe,Florida,MonroeFlorida,31362,18944,12418,3.8,2.1,7.3,9.3,14.6,13.7,16.1,13.7,7.9,11.4
0500000US12095,Orange,Florida,OrangeFlorida,458157,298508,159649,6.4,3.6,9.8,9.7,13.6,18.2,12.5,14.8,4.9,6.6
0500000US12109,St. Johns,Florida,St. JohnsFlorida,90109,63627,26482,4,2.5,6.3,8.7,9.4,16.1,12.2,18.7,10.2,12
0500000US12021,Collier,Florida,CollierFlorida,144172,97654,46518,3.3,4.4,7.6,8,13.1,17,13.1,13.8,8,11.8
0500000US12086,Miami-Dade,Florida,Miami-DadeFlorida,895801,622526,273275,8.6,4.7,11.7,9.9,12.8,17.7,11.1,11.7,5.5,6.4
0500000US12111,St. Lucie,Florida,St. LucieFlorida,118768,81576,37192,5.6,5,9.8,10.2,16.1,19.5,12.5,13.1,4.3,3.8
0500000US12031,Duval,Florida,DuvalFlorida,367238,229923,137315,6.3,4.5,10.6,9.2,14.1,20,12.8,12.6,4.5,5.6
0500000US12001,Alachua,Florida,AlachuaFlorida,97782,49488,48294,12.4,5.1,9.6,9.4,11.8,17,11.3,12.1,5.7,5.6
0500000US12069,Lake,Florida,LakeFlorida,136366,94847,41519,5.7,3.8,10.6,14.6,13.3,18.4,13.7,12.1,4.2,3.7
0500000US12127,Volusia,Florida,VolusiaFlorida,218423,131946,86477,6.8,4.5,10,11.8,16.3,19.5,12.1,11.6,3.4,4
0500000US12071,Lee,Florida,LeeFlorida,281222,180020,101202,6.2,4.4,10,9.5,14.2,19.3,11.7,13.8,5,5.9
0500000US12105,Polk,Florida,PolkFlorida,241171,166438,74733,6.9,4.5,10.4,10.5,16,20.5,13,10.8,4.2,3.3
0500000US12011,Broward,Florida,BrowardFlorida,694980,439980,255000,6.7,4.2,9.2,9.5,13.8,17.8,11.9,14,5.6,7.2
0500000US12089,Nassau,Florida,NassauFlorida,32624,23407,9217,7.4,2.7,8.8,6.3,12.7,18.8,13.5,14.4,8.7,6.7
0500000US12019,Clay,Florida,ClayFlorida,75958,58071,17887,4.1,3.1,9,10,12.4,21.1,15.5,15.4,4.7,4.6
0500000US12055,Highlands,Florida,HighlandsFlorida,40573,27635,12938,6.1,7,14,18.1,13.1,19.6,7.9,6.9,3,4.2
0500000US12131,Walton,Florida,WaltonFlorida,28770,19893,8877,5.8,1.2,11.9,8,15,16,13.3,16.7,6.1,6
0500000US12015,Charlotte,Florida,CharlotteFlorida,74975,47734,27241,5.2,4.2,12.6,8,16.4,22.9,12.3,9.9,3.7,4.7
0500000US12057,Hillsborough,Florida,HillsboroughFlorida,540142,342998,197144,6,4.9,9.4,9.6,12.8,17.6,12.2,14.5,5.7,7.3
0500000US12009,Brevard,Florida,BrevardFlorida,226363,140955,85408,5.3,4.9,9.4,9.8,13.5,18.5,13.4,15.4,5.5,4.3
0500000US13013,Barrow,Georgia,BarrowGeorgia,27525,21369,6156,4.6,1.3,10.5,8.9,14.9,17.6,18.7,17.5,3.4,2.8
0500000US13157,Jackson,Georgia,JacksonGeorgia,23640,19138,4502,1.3,1.8,8.7,8.5,8.8,23.2,11.5,23.6,8.7,4
0500000US13245,Richmond,Georgia,RichmondGeorgia,70534,39598,30936,11.8,6.9,12.3,14.2,13.5,18.1,11.1,8.1,1.9,2.1
0500000US13285,Troup,Georgia,TroupGeorgia,25417,17648,7769,8.5,8.3,13.8,10.4,13.6,15.9,9.6,11.6,4.2,4.1
0500000US13051,Chatham,Georgia,ChathamGeorgia,107921,64383,43538,7.8,3.3,10,11.1,13.2,17.2,14.2,12.5,4.6,6.3
0500000US13063,Clayton,Georgia,ClaytonGeorgia,96286,64911,31375,7.7,3.9,12,12,16.8,20.9,12.2,12,1.7,0.9
0500000US13113,Fayette,Georgia,FayetteGeorgia,39366,30120,9246,1.8,2.4,3.6,6.6,10.5,14.7,12.8,20.3,10.1,17.3
0500000US13223,Paulding,Georgia,PauldingGeorgia,53630,41506,12124,3.1,2.1,6.6,7.4,12.6,20.8,13.1,21.6,7.7,5.1
0500000US13059,Clarke,Georgia,ClarkeGeorgia,49698,26138,23560,12.2,4,13.6,12.3,15.2,14.9,11,9.2,3.7,3.7
0500000US13313,Whitfield,Georgia,WhitfieldGeorgia,36658,24907,11751,4.7,6.1,12.3,14.9,16.8,17.9,12,10.4,2.2,2.7
0500000US13097,Douglas,Georgia,DouglasGeorgia,49534,35995,13539,4.8,3.7,11.3,10.5,11.4,18.5,9.3,20.6,6.2,3.7
0500000US13135,Gwinnett,Georgia,GwinnettGeorgia,297658,223536,74122,4.4,2.7,6.5,7.3,12.7,18,15.7,17.9,8,6.7
0500000US13047,Catoosa,Georgia,CatoosaGeorgia,24722,17070,7652,3.3,3.1,7.7,13.8,15,21.1,10.8,16.6,6.8,1.9
0500000US13247,Rockdale,Georgia,RockdaleGeorgia,31460,22818,8642,4.1,2.8,8.7,11.7,11.7,19.9,12.2,18.3,5.4,5.3
0500000US13297,Walton,Georgia,WaltonGeorgia,32624,24593,8031,4.3,3.2,11.7,8,10.4,19.5,14.6,18.6,6,3.8
0500000US13295,Walker,Georgia,WalkerGeorgia,26895,18983,7912,10.1,4.9,15.4,12.6,13.4,19.5,9.9,8.9,2.6,2.7
0500000US13073,Columbia,Georgia,ColumbiaGeorgia,47167,35005,12162,3,2.3,7.7,5.1,8.8,18.2,15.8,17.1,12.1,10
0500000US13095,Dougherty,Georgia,DoughertyGeorgia,33717,19901,13816,15.2,6.2,12,9.9,20,17.8,7.3,6.9,2.9,1.8
0500000US13151,Henry,Georgia,HenryGeorgia,75926,59142,16784,1.7,2.5,7,7.9,12,19.6,14.8,18.9,9.1,6.5
0500000US13153,Houston,Georgia,HoustonGeorgia,58155,38986,19169,4.7,4,7.7,11.5,16.4,15.8,11,15.1,6.5,7.3
0500000US13021,Bibb,Georgia,BibbGeorgia,57905,34437,23468,13.7,6.5,13.2,12,13,14.6,11.9,8.6,3.1,3.5
0500000US13089,DeKalb,Georgia,DeKalbGeorgia,287001,165666,121335,5.4,3.5,8.3,9.1,12.9,17.2,12.4,15.2,6.7,9.2
0500000US13127,Glynn,Georgia,GlynnGeorgia,34634,23068,11566,6.4,3.1,11.3,12.7,12.4,16.7,12.1,14.8,1.8,8.8
0500000US13031,Bulloch,Georgia,BullochGeorgia,27097,16167,10930,7.5,7.8,14.7,9.7,16.9,16.7,11.9,9.9,1.7,3.2
0500000US13115,Floyd,Georgia,FloydGeorgia,34672,24361,10311,9.3,6.8,9.9,22,9.9,17.3,7.8,9.7,4.1,3.3
0500000US13217,Newton,Georgia,NewtonGeorgia,38436,27727,10709,9.5,2.4,7.2,9.7,13.5,21.3,14.9,12.5,6.1,2.9
0500000US13015,Bartow,Georgia,BartowGeorgia,35506,26858,8648,7.6,4.1,7.7,11.3,13.8,17.3,15.6,14.6,6.2,2
0500000US13117,Forsyth,Georgia,ForsythGeorgia,81353,65991,15362,2.5,0.9,4.2,4.6,8.3,12.9,13.5,23,11.2,18.9
0500000US13121,Fulton,Georgia,FultonGeorgia,417157,230448,186709,6.8,3.4,7.5,6.9,10.6,17.7,11.1,13.7,7.9,14.5
0500000US13057,Cherokee,Georgia,CherokeeGeorgia,89974,68899,21075,4.7,2.6,6.1,6.5,10.9,15,14.1,21.1,8.9,10.2
0500000US13215,Muscogee,Georgia,MuscogeeGeorgia,72862,43324,29538,11.8,5,11.3,11.1,12.6,20,11.2,11.1,3.3,2.7
0500000US13077,Coweta,Georgia,CowetaGeorgia,52114,37623,14491,3.6,3.3,8.1,8.1,11.9,19.9,13.9,17.1,7.3,6.7
0500000US13185,Lowndes,Georgia,LowndesGeorgia,41734,23712,18022,20.8,7,11.9,10.4,8.8,16.7,10.1,9.3,2.3,2.7
0500000US13255,Spalding,Georgia,SpaldingGeorgia,25659,16956,8703,7.8,2.5,12.6,15,20.4,17.8,12,6.5,2.6,2.6
0500000US13045,Carroll,Georgia,CarrollGeorgia,41197,29111,12086,8,4.8,10.8,10.2,14.7,16.2,12.5,13.9,4.8,4.1
0500000US13067,Cobb,Georgia,CobbGeorgia,283094,191753,91341,4,1.8,6,6.2,11.3,18.2,13.6,17.8,9.6,11.5
0500000US13139,Hall,Georgia,HallGeorgia,64990,47579,17411,4.4,2.7,10.6,8.3,14.6,18.1,14.7,13.2,6.1,7.2
0500000US23031,York,Maine,YorkMaine,88416,54432,33984,4.2,4.2,8.4,8.7,12.9,16.4,15.2,18.4,7.1,4.6
0500000US23011,Kennebec,Maine,KennebecMaine,54299,31105,23194,5.5,5.3,11.2,11.5,15.2,18.3,13,13.6,3.3,3
0500000US23019,Penobscot,Maine,PenobscotMaine,61765,36788,24977,8.1,7.7,12.1,10,14.2,16.5,14.1,10.9,3.7,2.8
0500000US23001,Androscoggin,Maine,AndroscogginMaine,44897,26533,18364,6.5,5.1,12.7,9.2,16.7,17.2,12,14.1,3.5,3
0500000US23005,Cumberland,Maine,CumberlandMaine,123485,72142,51343,4.6,4.2,6.8,6.8,11,18.1,14.2,17.4,8.5,8.5
0500000US23003,Aroostook,Maine,AroostookMaine,29931,17603,12328,10.3,9.6,11.8,12.2,16.4,17.5,8.8,9.8,1.9,1.7
0500000US24015,Cecil,Maryland,CecilMaryland,36620,25567,11053,5.4,3.5,6,5.2,12.9,17.4,17.1,17.5,10.6,4.4
0500000US24037,St. Mary's,Maryland,St. Mary'sMaryland,41239,28173,13066,3.4,2.9,6.2,5.1,9.3,13.5,11.4,25,12.4,10.8
0500000US24009,Calvert,Maryland,CalvertMaryland,32145,24267,7878,2.4,1.5,3.8,2.9,7.6,12.3,12.7,23.8,16,17.1
0500000US24027,Howard,Maryland,HowardMaryland,116903,86143,30760,2.5,2.2,2.8,4.3,6.3,12,12.4,18.7,15.1,23.8
0500000US24031,Montgomery,Maryland,MontgomeryMaryland,368334,257291,111043,3.6,2.1,3.9,4.6,7,12.4,12.2,20.1,12,22
0500000US24003,Anne Arundel,Maryland,Anne ArundelMaryland,212687,145626,67061,3.4,1.8,4.2,3.7,8.2,16,13.5,21.9,11.8,15.4
0500000US24025,Harford,Maryland,HarfordMaryland,94802,67774,27028,4,2.6,4.5,7,9.8,14.4,14.2,21.2,12,10.2
0500000US24510,Baltimore city,Maryland,Baltimore cityMaryland,237204,117955,119249,11.3,6.9,8.9,8.8,13.1,16.4,11.1,12.5,5,6
0500000US24021,Frederick,Maryland,FrederickMaryland,95903,66920,28983,2,2.6,5.2,4.4,11.1,13.2,13.2,21.9,12.9,13.4
0500000US24033,Prince George's,Maryland,Prince George'sMaryland,315759,206154,109605,4,2.1,5.2,5.6,9.9,18.2,15.1,19.3,10.9,9.8
0500000US24013,Carroll,Maryland,CarrollMaryland,60371,46205,14166,4.7,2.3,4.8,5.2,7.6,13.3,13.3,22.9,13.9,12
0500000US24045,Wicomico,Maryland,WicomicoMaryland,38084,24972,13112,7.7,4,11,10.8,11.3,19.5,13.7,13.3,5,3.6
0500000US24017,Charles,Maryland,CharlesMaryland,56947,41483,15464,3.7,1.3,4.8,5.2,7.9,15.7,14.7,22.8,11.6,12.1
0500000US24005,Baltimore,Maryland,BaltimoreMaryland,313259,203785,109474,4.7,2.7,7.1,6.4,11,17.5,13.8,18.4,9,9.5
0500000US24043,Washington,Maryland,WashingtonMaryland,56306,37072,19234,5.1,4.4,8.5,8.9,13.5,20,12.5,15.2,7.5,4.3
0500000US24001,Allegany,Maryland,AlleganyMaryland,27190,16619,10571,8.6,7.1,13,14,14.3,17.1,12,9.5,2.4,2
0500000US25003,Berkshire,Massachusetts,BerkshireMassachusetts,55212,31618,23594,6.4,5.8,10.7,7.8,13.1,16.2,13.2,16.2,5.4,5.1
0500000US25009,Essex,Massachusetts,EssexMassachusetts,295481,198593,96888,5.4,4.8,7.5,6.9,9.5,15,11.1,16.8,9.7,13.3
0500000US25001,Barnstable,Massachusetts,BarnstableMassachusetts,86671,54040,32631,3.9,3.1,7.3,9.6,11.3,18.6,12.4,17.1,7.4,9.4
0500000US25021,Norfolk,Massachusetts,NorfolkMassachusetts,267880,174936,92944,3.5,3.5,5,5.2,7.8,13.4,11.3,19.2,11.4,19.6
0500000US25017,Middlesex,Massachusetts,MiddlesexMassachusetts,612224,385308,226916,4.2,3.1,5.4,5.3,7.6,12.5,11.5,19.2,11.7,19.5
0500000US25025,Suffolk,Massachusetts,SuffolkMassachusetts,315049,153541,161508,9.1,6.4,7.9,6.2,9,13.4,11.6,15.3,9,12
0500000US25011,Franklin,Massachusetts,FranklinMassachusetts,30391,17645,12746,4,4.8,10.6,7.7,14.6,19,14.8,14,6.2,4.3
0500000US25013,Hampden,Massachusetts,HampdenMassachusetts,178678,113359,65319,8.8,5.1,11.5,10.6,11.6,15.9,11.3,13.6,6.5,5
0500000US25015,Hampshire,Massachusetts,HampshireMassachusetts,58902,34059,24843,4.9,5.1,6.8,8.1,9.5,14.6,14.7,18.9,9.3,8.3
0500000US25023,Plymouth,Massachusetts,PlymouthMassachusetts,189304,131226,58078,4,4.4,6.1,5.4,8.5,14.4,11.4,20.4,12.2,13.1
0500000US25027,Worcester,Massachusetts,WorcesterMassachusetts,308831,202026,106805,5.1,4,8.6,6.7,10.8,16.5,12.6,17,9.2,9.5
0500000US25005,Bristol,Massachusetts,BristolMassachusetts,215132,141303,73829,5.3,4.8,9.1,8.4,10.3,17.6,12.8,16.4,8.3,7
0500000US34033,Salem,New Jersey,SalemNew Jersey,23952,16345,7607,7.7,4.7,8.3,8.7,10.5,16.9,12.6,18.9,5.8,5.8
0500000US34035,Somerset,New Jersey,SomersetNew Jersey,118729,88135,30594,3.2,1.8,4.1,5.2,5.9,10.8,10.8,20,13.4,24.7
0500000US34025,Monmouth,New Jersey,MonmouthNew Jersey,236327,163558,72769,4.2,2,6.4,5.3,7.2,13.9,11.2,18.8,12.3,18.7
0500000US34013,Essex,New Jersey,EssexNew Jersey,289921,189597,100324,8.6,5.2,9.2,8.4,9.7,14.5,11.1,13.2,7.2,12.9
0500000US34021,Mercer,New Jersey,MercerNew Jersey,132980,89807,43173,6.4,3.5,7,6.5,8.6,14.7,12.4,17.9,9.2,13.8
0500000US34017,Hudson,New Jersey,HudsonNew Jersey,263924,158957,104967,7.1,3.8,8,7.2,9.7,14.5,12,15.5,9.2,12.9
0500000US34005,Burlington,New Jersey,BurlingtonNew Jersey,166698,115839,50859,3.2,2,6,5,10.7,17.2,14.4,18.9,10.9,11.7
0500000US34007,Camden,New Jersey,CamdenNew Jersey,188840,122775,66065,6.4,4,9.4,9.1,10,15.3,12.1,17.8,8.3,7.6
0500000US34011,Cumberland,New Jersey,CumberlandNew Jersey,50034,34428,15606,8.8,5.2,12,9.3,13.1,18.3,11.5,13.7,4.7,3.3
0500000US34015,Gloucester,New Jersey,GloucesterNew Jersey,101414,69496,31918,2.9,2.9,6.8,6.3,10.5,16.2,13.4,20.2,9.5,11.2
0500000US34029,Ocean,New Jersey,OceanNew Jersey,228622,150140,78482,4,3.4,8,9.5,11.7,17.4,13,16.8,8.1,8
0500000US34039,Union,New Jersey,UnionNew Jersey,192021,137761,54260,3.7,3,7.8,6.2,9.6,15.7,12.2,17.2,10.9,13.6
0500000US34027,Morris,New Jersey,MorrisNew Jersey,181738,127292,54446,2.7,1.7,4.4,4.1,7,12.3,12.5,18.3,13.6,23.4
0500000US34003,Bergen,New Jersey,BergenNew Jersey,339953,243393,96560,3.8,2.5,6.3,6.1,7.9,12.6,10.5,18.3,11.9,20.1
0500000US34041,Warren,New Jersey,WarrenNew Jersey,41742,27171,14571,4.2,2.9,8.7,6.1,11.1,14.2,14.5,18.9,9.7,9.6
0500000US34019,Hunterdon,New Jersey,HunterdonNew Jersey,47733,35139,12594,2.8,1.2,4.2,5.8,7.2,12.2,11.1,18.7,14.8,22.1
0500000US34009,Cape May,New Jersey,Cape MayNew Jersey,39208,25773,13435,4.6,3.6,8.6,7.9,12.2,17.2,15.1,14.3,7.7,8.8
0500000US34001,Atlantic,New Jersey,AtlanticNew Jersey,96981,64492,32489,6,4,9.1,7.4,12.7,19.2,12.2,16.5,5.9,7.1
0500000US34023,Middlesex,New Jersey,MiddlesexNew Jersey,285480,207900,77580,4.4,2.3,5.7,6.2,9,15.6,12.3,20,12.2,12.4
0500000US34037,Sussex,New Jersey,SussexNew Jersey,53749,38434,15315,3.1,2,4.7,4.6,8.8,14.1,16.9,20.1,12,13.6
0500000US34031,Passaic,New Jersey,PassaicNew Jersey,169521,125204,44317,5.4,3.6,9.3,7.1,9.8,14.7,13.9,17.1,8.5,10.7
0500000US36087,Rockland,New York,RocklandNew York,99502,74783,24719,3.6,4,7.8,6.2,8,13.7,11.8,17.5,10.9,16.5
0500000US36105,Sullivan,New York,SullivanNew York,28900,17487,11413,5.5,8.5,9.6,11.2,13.3,16.8,13.5,10.7,7.1,3.9
0500000US36111,Ulster,New York,UlsterNew York,69154,42744,26410,5.2,4.9,8.4,8,11.5,18.2,13.2,14.7,8.2,7.7
0500000US36053,Madison,New York,MadisonNew York,26127,17590,8537,4.4,3.6,9.4,9.1,14,21,15.2,14.8,4.8,3.7
0500000US36081,Queens,New York,QueensNew York,788110,539742,248368,5.5,4,8.2,8.3,11,16.8,12.9,17.4,8.1,7.8
0500000US36119,Westchester,New York,WestchesterNew York,352498,238521,113977,4.6,3.4,6.5,6.1,7.9,12.6,10.5,17.1,9.4,21.8
0500000US36113,Warren,New York,WarrenNew York,28007,17052,10955,4.4,3,12.3,8.7,14.3,19.4,14.1,13.7,5,5.1
0500000US36117,Wayne,New York,WayneNew York,35927,24444,11483,3.1,5.3,9.4,7.4,14.2,20.6,15.2,16.2,4.7,3.9
0500000US36005,Bronx,New York,BronxNew York,507370,323214,184156,15.1,8.8,12.6,10.3,12.5,15.6,9.8,8.8,3.5,3
0500000US36007,Broome,New York,BroomeNew York,75539,44761,30778,8.6,6,12,10.5,11.8,18.2,12.9,12.7,4.4,2.8
0500000US36027,Dutchess,New York,DutchessNew York,108071,71635,36436,5,4.1,7.3,7.5,8.6,14.1,13.9,17.3,10.7,11.4
0500000US36101,Steuben,New York,SteubenNew York,40578,25411,15167,6,5.6,12.7,8.4,12.5,20.7,13,13.3,4.7,3
0500000US36067,Onondaga,New York,OnondagaNew York,185046,115176,69870,6.6,4.8,9.7,8.5,12.3,17.2,12.6,16.5,6.3,5.5
0500000US36069,Ontario,New York,OntarioNew York,44079,27228,16851,4.4,3.6,9.1,8,13.2,19.7,15.9,13.6,5.4,7.1
0500000US36015,Chemung,New York,ChemungNew York,34325,20837,13488,8.3,6,9.3,11.4,12.5,19.6,12.9,14.6,2.2,3.3
0500000US36045,Jefferson,New York,JeffersonNew York,44657,27993,16664,8.3,3.2,8.6,12.8,13.9,22.4,13.5,11.8,3.3,2.1
0500000US36001,Albany,New York,AlbanyNew York,126578,72332,54246,5.9,2.8,10.2,8.2,12.3,16.2,12.3,17.7,7.2,7.2
0500000US36029,Erie,New York,ErieNew York,390341,230402,159939,6.7,5,9.8,10,12.5,18.2,12.8,14,6.2,4.8
0500000US36059,Nassau,New York,NassauNew York,447123,340833,106290,3.2,2.1,4.9,4.9,6.7,10.3,11,19.8,14.5,22.7
0500000US36071,Orange,New York,OrangeNew York,128259,90988,37271,4.6,3.5,8.9,8.2,10.2,14.1,12.4,16.5,10.7,10.8
0500000US36083,Rensselaer,New York,RensselaerNew York,64614,40079,24535,5,2.9,6.6,7.8,10.8,20,15.8,20,7,3.9
0500000US36013,Chautauqua,New York,ChautauquaNew York,53429,31831,21598,6.7,9.1,13.7,10.7,13.5,17.4,12.1,12,2.7,2.1
0500000US36019,Clinton,New York,ClintonNew York,31392,20558,10834,6.3,4.5,8.4,7.5,15,20.7,14,15.5,4.8,3.4
0500000US36061,New York,New York,New YorkNew York,752258,319832,432426,8.5,5,7.9,5.2,7.7,11.4,9.7,14.1,8,22.7
0500000US36091,Saratoga,New York,SaratogaNew York,94156,60841,33315,2.7,2.8,5.9,6,10.5,16.8,14.1,22.2,10,9
0500000US36009,Cattaraugus,New York,CattaraugusNew York,32079,21167,10912,5.5,5.9,12.9,12.4,15,18.3,13.7,11.4,2.5,2.3
0500000US36055,Monroe,New York,MonroeNew York,301668,180738,120930,7,5.4,9.7,9.2,11.7,16.7,12.5,15.9,6.6,5.3
0500000US36109,Tompkins,New York,TompkinsNew York,40250,20642,19608,7.2,6.2,7.9,9.8,13,17.5,11.7,14.9,4.7,7.1
0500000US36065,Oneida,New York,OneidaNew York,88871,56426,32445,6.8,5.6,10.4,10.6,13,19,12.5,13,5.2,3.8
0500000US36075,Oswego,New York,OswegoNew York,46270,29546,16724,7.8,5,9.3,10.8,13.8,16.7,12.3,15.7,3.5,5.1
0500000US36063,Niagara,New York,NiagaraNew York,89765,55135,34630,7.4,6.4,9.6,9.3,12.7,17.4,12.9,14.2,6.4,3.8
0500000US36079,Putnam,New York,PutnamNew York,35425,27274,8151,1.7,2.7,4.4,4.1,8.2,15.8,12.2,22.1,12.1,16.6
0500000US36051,Livingston,New York,LivingstonNew York,23746,15133,8613,4.7,5.9,10,7.2,13.9,19.9,15.1,15.4,5.7,2.3
0500000US36103,Suffolk,New York,SuffolkNew York,496784,360416,136368,3.5,2.9,5.2,4.9,7.7,13,12.4,21,13.3,16.1
0500000US36089,St. Lawrence,New York,St. LawrenceNew York,41680,25979,15701,6.5,6.2,12.7,9.5,15.4,17.1,11.3,13.7,4.7,3
0500000US36011,Cayuga,New York,CayugaNew York,30083,18400,11683,5.2,4.3,10,9.3,18.8,16.5,13.3,15.8,3.4,3.4
0500000US36047,Kings,New York,KingsNew York,969317,591462,377855,9.2,6,9.5,7.9,10.3,14,11.2,14.3,7.7,9.9
0500000US36085,Richmond,New York,RichmondNew York,167441,118442,48999,6.9,4.1,6.5,5.7,8.4,13.5,12.5,19.3,12.3,10.8
0500000US36093,Schenectady,New York,SchenectadyNew York,55262,31289,23973,5.6,5.8,8.4,8.5,11.1,17.3,14.3,16.9,6.7,5.4
0500000US39007,Ashtabula,Ohio,AshtabulaOhio,35445,22124,13321,11.3,6.3,12.6,8.7,14.8,17.9,12.6,10.9,3.8,1.1
0500000US39013,Belmont,Ohio,BelmontOhio,24742,14724,10018,3.4,7.7,11.2,11.6,15.8,18.8,16.4,9.4,3,2.6
0500000US39093,Lorain,Ohio,LorainOhio,121344,80178,41166,6.7,4.8,8.7,8.7,13.1,18.6,13.4,14.7,5.8,5.4
0500000US39029,Columbiana,Ohio,ColumbianaOhio,41884,26096,15788,7.6,5.6,14.4,12.4,16.2,15.7,11.8,11.5,3.5,1.3
0500000US39055,Geauga,Ohio,GeaugaOhio,35387,25274,10113,2.5,1.8,5.7,6.9,10.3,17.8,13.6,18.3,10.1,13.1
0500000US39119,Muskingum,Ohio,MuskingumOhio,34471,22554,11917,8.3,6.2,12.7,9.4,13.7,17.7,13.5,13.4,2.9,2.1
0500000US39081,Jefferson,Ohio,JeffersonOhio,27292,16722,10570,8.1,9.5,13.6,14.6,11.1,18.9,9.2,10.1,2,2.9
0500000US39035,Cuyahoga,Ohio,CuyahogaOhio,542122,295330,246792,10.2,5.9,10.7,10,13.1,16.2,11.3,12.2,4.3,5.8
0500000US39061,Hamilton,Ohio,HamiltonOhio,344562,200962,143600,8.1,4.8,9.6,9.3,12.6,17.5,11.4,14.4,5.2,7.1
0500000US39165,Warren,Ohio,WarrenOhio,83540,64821,18719,2.5,1.9,5,7.2,7.8,18.4,15.6,19.4,9.8,12.4
0500000US39009,Athens,Ohio,AthensOhio,22533,11577,10956,14.5,8.4,12.3,12,14.5,11.1,11.3,11.3,3.4,1.2
0500000US39023,Clark,Ohio,ClarkOhio,55327,34548,20779,6.3,4.7,9.5,12.2,17.4,20.4,13.1,11.6,2.6,2
0500000US39099,Mahoning,Ohio,MahoningOhio,97365,59412,37953,7.7,6.2,11.7,10.2,15.6,17,13.2,12,3.6,2.8
0500000US39085,Lake,Ohio,LakeOhio,96577,61277,35300,3.2,3.4,7.2,9,14.7,19.5,15.2,16.6,5.9,5.3
0500000US39153,Summit,Ohio,SummitOhio,226243,135033,91210,6,4.4,10,9,13.2,17.9,14.3,14.9,5.2,5.2
0500000US39045,Fairfield,Ohio,FairfieldOhio,55934,40227,15707,5.2,2.9,8.7,9.9,10.3,17.3,13.6,19.7,8.7,3.7
0500000US39155,Trumbull,Ohio,TrumbullOhio,83303,51155,32148,9.3,6,12.3,11.4,13.4,19.9,10.4,12.1,3.2,2.2
0500000US39169,Wayne,Ohio,WayneOhio,43908,29166,14742,4,2.4,10,10.4,14.2,23,17,13,3.3,2.8
0500000US39063,Hancock,Ohio,HancockOhio,31606,19705,11901,5.6,4.6,7.9,11.8,10,20.6,14.2,16.1,5.7,3.5
0500000US39151,Stark,Ohio,StarkOhio,152210,94986,57224,6.9,5.1,11.3,10.9,13.6,19,12.1,14,4.3,2.9
0500000US39109,Miami,Ohio,MiamiOhio,41148,26294,14854,6.1,2.9,9.1,8.5,16.5,17.3,12.8,17.8,6.1,2.7
0500000US39145,Scioto,Ohio,SciotoOhio,28719,19352,9367,13.6,9.1,13.4,12.2,11.1,15.2,11.2,9.5,2.4,2.4
0500000US39113,Montgomery,Ohio,MontgomeryOhio,224225,131352,92873,8.2,6.2,9.6,11.1,14.1,17.9,12.2,12.1,5,3.6
0500000US39089,Licking,Ohio,LickingOhio,62237,44495,17742,4.8,4.1,8.1,7.4,13,17.1,15.6,16.9,7.4,5.6
0500000US39025,Clermont,Ohio,ClermontOhio,77920,51525,26395,4.7,4,8.3,8.7,10.9,20.5,14,16.4,6.6,5.8
0500000US39041,Delaware,Ohio,DelawareOhio,70501,53224,17277,2.4,1.1,3.3,4.5,8.8,15.3,14.6,18.6,13.1,18.3
0500000US39049,Franklin,Ohio,FranklinOhio,519468,301328,218140,6.2,3.7,8.6,9.4,13.6,18.9,12.8,15.4,5.6,5.8
0500000US39103,Medina,Ohio,MedinaOhio,70609,52471,18138,3.1,2.4,5.6,8.5,11,18.7,14.7,19.4,9.4,7.1
0500000US39157,Tuscarawas,Ohio,TuscarawasOhio,36740,23757,12983,3.5,5.9,12.4,10.7,17.8,16.2,12.6,12.3,5.3,3.2
0500000US39017,Butler,Ohio,ButlerOhio,143040,94760,48280,6,3.8,8.5,9.6,13.8,17.7,12.3,15.3,7.2,5.8
0500000US39101,Marion,Ohio,MarionOhio,24205,14270,9935,10.3,5.8,12.6,10.6,17.9,18.1,12.2,7.5,3.7,1.4
0500000US39173,Wood,Ohio,WoodOhio,50694,30674,20020,5.2,4.1,9,10.4,9.8,18.4,13.4,16.8,6.6,6.4
0500000US39003,Allen,Ohio,AllenOhio,41204,25968,15236,6.2,5.3,14,9.2,16.1,20.7,10.3,14.3,2,2
0500000US39043,Erie,Ohio,ErieOhio,31675,19697,11978,7.7,2.1,10.7,13.1,16.6,18.3,14.5,10.7,3.3,3
0500000US39141,Ross,Ohio,RossOhio,29779,19678,10101,11.5,3.1,14.2,10.7,13.6,16.8,12,13.1,3.6,1.4
0500000US39095,Lucas,Ohio,LucasOhio,178289,103610,74679,10.6,6,11.2,11.7,12.7,17.8,10.9,11.9,3.5,3.7
0500000US39057,Greene,Ohio,GreeneOhio,66053,43123,22930,6.9,3.8,8.5,6,11.4,17.3,14.7,14.7,8.7,7.8
0500000US39139,Richland,Ohio,RichlandOhio,48105,30700,17405,8.9,5.9,10.3,9.2,16,22.2,11.6,11.4,2.6,2
0500000US39133,Portage,Ohio,PortageOhio,60801,38898,21903,5.2,4.1,10.9,8.7,11.1,16.9,13.1,16.8,8.8,4.3
0500000US42013,Blair,Pennsylvania,BlairPennsylvania,51096,32833,18263,6.5,7.1,10.9,11.5,14.1,16.8,14.9,12.5,2.6,3
0500000US42039,Crawford,Pennsylvania,CrawfordPennsylvania,34386,21985,12401,5.3,6,10.6,12.9,13.3,21.6,14.6,10.5,3,2.1
0500000US42051,Fayette,Pennsylvania,FayettePennsylvania,56085,37447,18638,7.9,6.2,11,10.5,12,18.8,13.5,13.7,3.7,2.7
0500000US42081,Lycoming,Pennsylvania,LycomingPennsylvania,44585,29131,15454,7.2,3.9,10.5,8.4,13.9,21.8,13.5,14.9,2.6,3.4
0500000US42045,Delaware,Pennsylvania,DelawarePennsylvania,207499,139055,68444,4.7,3.2,7,8.4,11.5,17.3,11.8,15.9,8.7,11.4
0500000US42073,Lawrence,Pennsylvania,LawrencePennsylvania,37497,24528,12969,8,5.9,12.5,11.4,13.9,18.6,12.7,10.9,4.5,1.7
0500000US42003,Allegheny,Pennsylvania,AlleghenyPennsylvania,543369,303257,240112,6.9,4.9,9.4,9.4,11.9,16.5,12.3,15.4,6.2,7.3
0500000US42017,Bucks,Pennsylvania,BucksPennsylvania,239962,171229,68733,2.8,2.3,5.7,6.7,8.5,16.6,13.3,18.9,10.9,14.2
0500000US42095,Northampton,Pennsylvania,NorthamptonPennsylvania,114996,77576,37420,3.6,3.9,8.3,8,11.7,19.3,14.6,16.1,7.5,7.1
0500000US42085,Mercer,Pennsylvania,MercerPennsylvania,46809,29050,17759,6.9,6.5,12.9,10.7,13.9,19.4,12.8,11.1,2.9,2.8
0500000US42111,Somerset,Pennsylvania,SomersetPennsylvania,28796,20003,8793,5.1,3.9,11.7,13.7,13.8,20.5,15.1,10.9,2.6,2.7
0500000US42029,Chester,Pennsylvania,ChesterPennsylvania,192746,138582,54164,3.1,2.5,4.4,5.3,7.6,15.2,12.4,20.5,11.4,17.7
0500000US42077,Lehigh,Pennsylvania,LehighPennsylvania,138586,90549,48037,5,3.5,9.6,10.1,14.1,16,12.2,16,6.8,6.8
0500000US42001,Adams,Pennsylvania,AdamsPennsylvania,39570,27421,12149,3.4,4.7,7.3,8.9,12.5,22.1,15.7,15.9,6.2,3.5
0500000US42041,Cumberland,Pennsylvania,CumberlandPennsylvania,102243,63498,38745,3.5,2.1,7.1,9.2,12.7,18.6,15.1,17.9,6.2,7.7
0500000US42021,Cambria,Pennsylvania,CambriaPennsylvania,56483,35505,20978,8.2,5.7,12.7,12.3,14.3,17.5,12.5,12.2,3.3,1.2
0500000US42019,Butler,Pennsylvania,ButlerPennsylvania,77764,51885,25879,4.3,3.4,9.2,8.7,10.4,18.9,13.1,17.9,7.3,6.8
0500000US42049,Erie,Pennsylvania,EriePennsylvania,109797,68334,41463,7.3,5.7,12.7,11.9,13.9,17.9,12.1,12,3.9,2.8
0500000US42079,Luzerne,Pennsylvania,LuzernePennsylvania,128301,80556,47745,7.5,5.9,11,9.4,12.8,19,13.2,13.6,4.4,3.2
0500000US42055,Franklin,Pennsylvania,FranklinPennsylvania,59834,43935,15899,4.8,4.5,8.9,7,15.7,22.4,14.7,13.9,4.8,3.3
0500000US42133,York,Pennsylvania,YorkPennsylvania,173958,120331,53627,4.6,3.6,7.7,9.1,12.5,19.8,14.5,16.6,6.8,4.7
0500000US42097,Northumberland,Pennsylvania,NorthumberlandPennsylvania,38816,24812,14004,8.1,5.9,14.2,12.1,11.6,16.9,11.3,14.9,2.9,2
0500000US42005,Armstrong,Pennsylvania,ArmstrongPennsylvania,27332,17972,9360,6.2,6,10.2,11.3,16.2,17.3,15.3,10.6,3.8,3.1
0500000US42091,Montgomery,Pennsylvania,MontgomeryPennsylvania,313336,217738,95598,3.4,2.5,5.5,5.9,8.9,15.7,13.6,17.9,11.8,14.9
0500000US42063,Indiana,Pennsylvania,IndianaPennsylvania,33098,21675,11423,7.8,4,14,9.2,15.5,19,12.7,12.6,3.5,1.9
0500000US42033,Clearfield,Pennsylvania,ClearfieldPennsylvania,31992,20941,11051,8.1,4.9,15.5,9.7,16.2,17.9,9.3,12.5,4.2,1.7
0500000US42075,Lebanon,Pennsylvania,LebanonPennsylvania,54522,38309,16213,4.6,3.6,9.8,8.4,12.9,21.9,16.1,15.7,4.2,2.9
0500000US42025,Carbon,Pennsylvania,CarbonPennsylvania,25177,17193,7984,6.2,4.6,9.3,13.8,13.9,16.1,15.5,17,2.8,0.9
0500000US42069,Lackawanna,Pennsylvania,LackawannaPennsylvania,88268,53538,34730,6,6.2,11.5,9.1,14.1,21.6,11.8,13.3,3.3,3.1
0500000US42011,Berks,Pennsylvania,BerksPennsylvania,157006,108057,48949,5,3.9,8.3,10.2,11.4,19.5,13.8,16.9,6.8,4.4
0500000US42043,Dauphin,Pennsylvania,DauphinPennsylvania,112559,69919,42640,6.1,3.5,8.1,9.3,16.3,18.6,11.4,15.3,5.1,6.3
0500000US42089,Monroe,Pennsylvania,MonroePennsylvania,55109,38090,17019,5.4,5.7,8.9,6,13.4,18.2,16.3,16,4.8,5.2
0500000US42101,Philadelphia,Pennsylvania,PhiladelphiaPennsylvania,608233,325909,282324,13.1,6.1,11.8,10.1,11.7,16.6,10,11,4.9,4.8
0500000US42007,Beaver,Pennsylvania,BeaverPennsylvania,73059,45627,27432,6.5,3.6,11.5,13.1,12.1,17.6,13,16.4,3.6,2.6
0500000US42037,Columbia,Pennsylvania,ColumbiaPennsylvania,26655,14947,11708,8.1,5.6,10.6,12.5,12.3,20,11.5,12.7,3.8,2.8
0500000US42071,Lancaster,Pennsylvania,LancasterPennsylvania,202490,140049,62441,4,3.6,7.2,9,13.2,19.3,14.8,17.8,5.5,5.5
0500000US42107,Schuylkill,Pennsylvania,SchuylkillPennsylvania,58458,36189,22269,7.2,6.5,13.1,10.8,13.6,18.6,12.4,11.3,3.8,2.6
0500000US42129,Westmoreland,Pennsylvania,WestmorelandPennsylvania,150368,97065,53303,5.2,4.2,9.4,10.3,13.5,18.2,12.6,16,6.1,4.5
0500000US42027,Centre,Pennsylvania,CentrePennsylvania,58514,32350,26164,11.5,3.5,8.6,7.7,14.5,15.9,11.1,15.9,6.4,4.9
0500000US42125,Washington,Pennsylvania,WashingtonPennsylvania,85835,54054,31781,5.5,4.3,8.3,9.1,12.6,18.2,13.1,15.1,7.5,6.3
0500000US48027,Bell,Texas,BellTexas,123188,83783,39405,6.2,4.6,9.4,8.9,16.5,20,13.8,14.5,4,2
0500000US48061,Cameron,Texas,CameronTexas,124812,99070,25742,11.5,8.2,15.3,11.8,12.5,18.1,9.6,7.8,3.2,2
0500000US48085,Collin,Texas,CollinTexas,344824,253044,91780,3.7,1.4,4.2,5.4,8.8,15.5,12.3,21.4,11.2,16
0500000US48231,Hunt,Texas,HuntTexas,34132,23519,10613,4.7,5.7,12.7,12.1,11.2,15.9,13.3,15.7,4.9,3.8
0500000US48029,Bexar,Texas,BexarTexas,644193,411518,232675,8.5,4.8,9.7,9.7,13.8,18.2,12.6,13.2,4.8,4.7
0500000US48091,Comal,Texas,ComalTexas,53182,38383,14799,4.1,2.7,5.7,7.7,12.8,15.9,15.7,16.7,7.5,11.3
0500000US48361,Orange,Texas,OrangeTexas,30047,20284,9763,4.6,5.1,6.5,11,16.4,17.5,13.7,14.5,7.9,2.9
0500000US48497,Wise,Texas,WiseTexas,22864,17357,5507,2.8,2.5,6.8,7.9,13.3,22.3,16.8,14.8,7.3,5.5
0500000US48203,Harrison,Texas,HarrisonTexas,22928,15766,7162,7.7,4.6,10.3,8.5,18.1,16.3,12.6,15.2,2.9,3.7
0500000US48005,Angelina,Texas,AngelinaTexas,29898,21615,8283,7.3,6.1,11.6,14.9,13.2,20.1,11.2,8.9,5.6,1.1
0500000US48485,Wichita,Texas,WichitaTexas,46757,30563,16194,9.7,6.2,12.5,9.1,14.2,15.5,13.9,13.5,3.2,2.2
0500000US48251,Johnson,Texas,JohnsonTexas,59180,44857,14323,4.6,3.1,6.1,7.4,16.1,22.1,12.8,15.9,7.5,4.4
0500000US48309,McLennan,Texas,McLennanTexas,92158,60708,31450,9.1,6,12.5,9.3,14,16.9,12.4,12.4,4.2,3.3
0500000US48397,Rockwall,Texas,RockwallTexas,34590,29363,5227,4.3,1.5,3.7,3.7,11.3,12.5,12.3,25.4,12.4,12.9
0500000US48409,San Patricio,Texas,San PatricioTexas,22202,16235,5967,8.7,6.2,9,4.6,17.1,19.5,11.8,13.5,6.3,3.3
0500000US48037,Bowie,Texas,BowieTexas,35228,23551,11677,12.2,6.7,9.3,8.8,14.9,18.7,9.5,12,4.8,3
0500000US48141,El Paso,Texas,El PasoTexas,270160,190227,79933,9.5,6.3,14,11.8,14,17.7,9.7,10.5,3.9,2.6
0500000US48139,Ellis,Texas,EllisTexas,58633,46089,12544,2.3,3,7.9,5.7,10.1,18.4,14.8,21.5,10.3,6.1
0500000US48201,Harris,Texas,HarrisTexas,1600357,1102826,497531,6.5,4,9.4,9.6,12.7,17.4,11.8,14,6.2,8.4
0500000US48291,Liberty,Texas,LibertyTexas,27468,18066,9402,6.5,5.3,12.1,9.1,14,22.8,15.2,8,4.8,2.1
0500000US48479,Webb,Texas,WebbTexas,75300,59208,16092,10.2,6.9,12.3,10.5,13.3,17.9,10.7,11.6,3.7,3
0500000US48183,Gregg,Texas,GreggTexas,45513,29512,16001,7.5,4.8,10.4,11.6,14.3,16.9,11.6,14.5,4.6,4
0500000US48347,Nacogdoches,Texas,NacogdochesTexas,23442,14717,8725,7.4,8.5,12.6,9.3,16,19.4,11.3,10,1.3,4.1
0500000US48439,Tarrant,Texas,TarrantTexas,722473,502918,219555,4.6,3.6,7.8,8.9,12.2,18.6,13.2,16.4,7.3,7.5
0500000US48041,Brazos,Texas,BrazosTexas,81030,42273,38757,11.4,5.3,10.6,10.9,11.7,17.1,10.1,13.4,4.1,5.5
0500000US48209,Hays,Texas,HaysTexas,75164,48342,26822,6.8,3,7.8,9.1,10.1,18.4,16,13.8,6.8,8.2
0500000US48135,Ector,Texas,EctorTexas,54326,38983,15343,4.3,3.3,8.2,9.8,11.3,19.9,14,15.3,6.9,7.2
0500000US48423,Smith,Texas,SmithTexas,77330,54682,22648,9,4.7,8.4,7.5,13.4,18.2,12.9,16.1,4.5,5.4
0500000US48469,Victoria,Texas,VictoriaTexas,31918,21814,10104,8.1,6.9,12.4,11.4,11,15.7,13.2,12.4,4.4,4.4
0500000US48021,Bastrop,Texas,BastropTexas,25334,18858,6476,6.2,5.8,8.3,6.9,10.7,16.4,14.1,14.8,11.3,5.6
0500000US48355,Nueces,Texas,NuecesTexas,129987,87889,42098,6.4,5.7,9.8,9.2,14.7,17,13.9,13.9,4.7,4.6
0500000US48441,Taylor,Texas,TaylorTexas,49811,32688,17123,6,6.2,9.8,12.5,17.8,15.3,11.8,12.4,4.4,3.7
0500000US48471,Walker,Texas,WalkerTexas,22693,13354,9339,18,7.9,10.2,11.2,12.5,12.3,10.9,9.1,5.6,2.2
0500000US48121,Denton,Texas,DentonTexas,297899,212406,85493,3.3,2.1,4.8,5.6,10.8,15.5,13.9,19.2,11.8,13
0500000US48375,Potter,Texas,PotterTexas,45550,28561,16989,10.5,7.1,12.6,15.5,13.8,19,8.2,7.6,1.8,3.9
0500000US48453,Travis,Texas,TravisTexas,486548,281467,205081,5.4,3,6,6.8,11.3,16.7,11.7,17.6,8.5,13.1
0500000US48113,Dallas,Texas,DallasTexas,937438,601367,336071,5.7,3.5,8.4,9.8,13.8,19.4,12.3,13.9,5.7,7.5
0500000US48167,Galveston,Texas,GalvestonTexas,121976,82957,39019,6.3,4.5,6.5,7.5,10.3,15.2,13.7,18.6,8.2,9.1
0500000US48213,Henderson,Texas,HendersonTexas,30843,20780,10063,6.4,10.1,14.5,12.2,13.3,16.1,9,11.1,3.4,4
0500000US48099,Coryell,Texas,CoryellTexas,21491,14496,6995,5.8,4.1,13.8,16.5,12.8,18.8,12.5,11.5,2.7,1.5
0500000US48367,Parker,Texas,ParkerTexas,46238,34321,11917,6.2,1.5,4.4,8.3,11.5,19,11.1,19.1,9.6,9.3
0500000US48187,Guadalupe,Texas,GuadalupeTexas,54789,41568,13221,3.7,4.4,5.4,6.5,12.1,18.7,13.8,18.8,8,8.6
0500000US48215,Hidalgo,Texas,HidalgoTexas,237323,190170,47153,12.3,9,13.5,11.5,13.2,16.4,9.4,9.6,2.9,2.3
0500000US48329,Midland,Texas,MidlandTexas,57636,38617,19019,3.6,4.2,6.1,5.7,9.5,15.7,16.4,18.8,8.8,11.1
0500000US48245,Jefferson,Texas,JeffersonTexas,90839,58949,31890,10.8,5.6,11.5,11,12.9,15.6,11,11.3,5.9,4.4
0500000US48303,Lubbock,Texas,LubbockTexas,115686,71198,44488,9.3,5.4,11.7,9.4,13.8,15.7,13.1,13.6,4.3,3.6
0500000US48257,Kaufman,Texas,KaufmanTexas,39049,30719,8330,4.7,3.6,9.4,6.7,9.9,20.4,11.4,22.8,6.8,4.3
0500000US48381,Randall,Texas,RandallTexas,49457,34152,15305,3.2,2.5,7.6,9.5,11.2,20.3,14.7,18.4,7,5.6
0500000US48039,Brazoria,Texas,BrazoriaTexas,120802,86582,34220,4.2,3.4,6.8,9,9,18.6,14.1,18,9.3,7.5
0500000US48491,Williamson,Texas,WilliamsonTexas,185345,135729,49616,2.5,1.9,4,6.5,9.5,18.3,14.3,22.6,11.4,9.1
0500000US48157,Fort Bend,Texas,Fort BendTexas,245410,199146,46264,3.2,1.5,5.3,5.7,8.6,16.9,12.1,18.8,12.5,15.4
0500000US48181,Grayson,Texas,GraysonTexas,48963,31837,17126,7.2,5.8,7.3,11.7,15.6,19,13.8,10.5,6.3,2.9
0500000US48451,Tom Green,Texas,Tom GreenTexas,43301,28326,14975,6,3.9,13.2,7.2,17.5,18.4,13.5,13,4,3.4
0500000US48339,Montgomery,Texas,MontgomeryTexas,202797,147327,55470,5,2.3,6.7,6.2,11.6,16.4,12.3,17.1,9.4,12.9
0500000US51165,Rockingham,Virginia,RockinghamVirginia,31462,22397,9065,7,3.3,6.2,8.3,15.1,23.1,13.9,14.7,5.3,3
0500000US51700,Newport News city,Virginia,Newport News cityVirginia,71291,41824,29467,8,4.7,11.3,9.5,16.4,19.4,12.1,13.1,3.1,2.4
0500000US51710,Norfolk city,Virginia,Norfolk cityVirginia,89338,51345,37993,9.1,5.1,11,11.1,14,20.8,11.8,9,3.6,4.4
0500000US51810,Virginia Beach city,Virginia,Virginia Beach cityVirginia,172183,116678,55505,3.2,2.3,4.4,7.2,12.2,19.2,15.5,20.6,8.2,7.2
0500000US51650,Hampton city,Virginia,Hampton cityVirginia,54800,31422,23378,8.2,4.3,8.5,7.9,15.3,22.3,13.2,11.6,5.1,3.5
0500000US51800,Suffolk city,Virginia,Suffolk cityVirginia,34890,24434,10456,4.5,3.5,9.2,5.4,11.9,17,14.3,20.1,7.4,6.7
0500000US51041,Chesterfield,Virginia,ChesterfieldVirginia,126748,93676,33072,2.5,2.5,5.1,7.2,10.4,18.9,15.2,21.4,8.9,7.8
0500000US51061,Fauquier,Virginia,FauquierVirginia,25134,18279,6855,3.7,1,4.7,5.8,6.1,17.9,14,19.9,12.4,14.4
0500000US51015,Augusta,Virginia,AugustaVirginia,29783,20628,9155,4.6,4.7,9.1,6.4,16.4,20.5,14.5,15.5,5.7,2.8
0500000US51550,Chesapeake city,Virginia,Chesapeake cityVirginia,86122,63748,22374,4.4,2.3,5.6,6.8,11.7,15.7,15.1,21.4,9.8,7.1
0500000US51770,Roanoke city,Virginia,Roanoke cityVirginia,41353,22638,18715,9.5,6.5,13.1,14.3,15.1,13.5,11.9,8.8,2.7,4.7
0500000US51107,Loudoun,Virginia,LoudounVirginia,133417,103064,30353,1.1,0.8,2.5,3.6,5.6,9.9,10.2,19.9,15.5,30.9
0500000US51179,Stafford,Virginia,StaffordVirginia,48418,39246,9172,2,1.6,2.6,4.4,6.8,13.7,14,25.4,13.2,16.3
0500000US51510,Alexandria city,Virginia,Alexandria cityVirginia,71740,35480,36260,4.1,2.4,4.6,4.6,7.2,13.7,12.7,19.3,13.4,17.9
0500000US51003,Albemarle,Virginia,AlbemarleVirginia,41956,26631,15325,3.5,2.2,8.8,8.3,10.4,14.3,15.5,15.4,8.3,13.4
0500000US51680,Lynchburg city,Virginia,Lynchburg cityVirginia,28500,14511,13989,7.5,6.2,12.8,17.3,12.8,14.2,12.2,9.1,5.6,2.1
0500000US51095,James City,Virginia,James CityVirginia,29849,21705,8144,4.7,3.2,6.9,3.3,9.1,18.4,14.1,17.1,10.2,13
0500000US51161,Roanoke,Virginia,RoanokeVirginia,38061,25320,12741,2.3,4.1,10.4,9.1,12.6,14.9,15.8,18.1,8.3,4.4
0500000US51069,Frederick,Virginia,FrederickVirginia,31551,23773,7778,1.1,2.2,5.5,8.2,11.3,17.1,15.2,19.1,10.9,9.3
0500000US51059,Fairfax,Virginia,FairfaxVirginia,396628,284876,111752,2.6,1.3,3.6,3.8,6.3,11,11.6,20.1,14.5,25.2
0500000US51740,Portsmouth city,Virginia,Portsmouth cityVirginia,34578,19958,14620,11.9,4.8,10.3,10.8,14.2,18.8,13.9,10.4,2.9,2
0500000US51013,Arlington,Virginia,ArlingtonVirginia,109940,51898,58042,3.1,1.9,4,2.2,5.5,13.1,10.3,21,15.4,23.5
0500000US51153,Prince William,Virginia,Prince WilliamVirginia,143861,110771,33090,2.2,1,3.4,4,8,13.8,13.9,22,14.9,16.7
0500000US51199,York,Virginia,YorkVirginia,24996,16763,8233,4.7,2.6,3.2,5.8,11.5,18.1,12.9,19.6,13.2,8.3
0500000US51177,Spotsylvania,Virginia,SpotsylvaniaVirginia,45223,35096,10127,3.6,1,6.5,4.4,7.6,18.1,14.5,21.3,12.5,10.4
0500000US51121,Montgomery,Virginia,MontgomeryVirginia,34585,17953,16632,12.6,5.3,11.8,8,9.8,20.8,10.7,10.1,5.8,5
0500000US51019,Bedford,Virginia,BedfordVirginia,31271,21765,9506,3.6,3.7,10.4,10.1,13,18.5,17.3,15.2,3.9,4.3
0500000US51087,Henrico,Virginia,HenricoVirginia,129408,81503,47905,4.2,3.2,7.6,7.5,14.3,17.2,13,17.6,6.7,8.7
0500000US51760,Richmond city,Virginia,Richmond cityVirginia,91359,40477,50882,10.3,6.2,9.2,12,13.6,15.6,11.3,11.5,4.2,6.2
0500000US51085,Hanover,Virginia,HanoverVirginia,39929,29717,10212,2,2.9,7,3.3,8.9,17.6,12.8,23.2,10.4,11.9
