id,county,state,concat,Estimate!!Total!!Total population,Estimate!!Male!!Total population,Estimate!!Female!!Total population,Estimate!!Total!!Total population!!AGE!!Under 5 years,Estimate!!Total!!Total population!!AGE!!5 to 9 years,Estimate!!Total!!Total population!!AGE!!10 to 14 years,Estimate!!Total!!Total population!!AGE!!15 to 19 years,Estimate!!Total!!Total population!!AGE!!20 to 24 years,Estimate!!Total!!Total population!!AGE!!25 to 29 years,Estimate!!Total!!Total population!!AGE!!30 to 34 years,Estimate!!Total!!Total population!!AGE!!35 to 39 years,Estimate!!Total!!Total population!!AGE!!40 to 44 years,Estimate!!Total!!Total population!!AGE!!45 to 49 years,Estimate!!Total!!Total population!!AGE!!50 to 54 years,Estimate!!Total!!Total population!!AGE!!55 to 59 years,Estimate!!Total!!Total population!!AGE!!60 to 64 years,Estimate!!Total!!Total population!!AGE!!65 to 69 years,Estimate!!Total!!Total population!!AGE!!70 to 74 years,Estimate!!Total!!Total population!!AGE!!75 to 79 years,Estimate!!Total!!Total population!!AGE!!80 to 84 years,Estimate!!Total!!Total population!!AGE!!85 years and over
0500000US06045,Mendocino,California,MendocinoCalifornia,87606,43017,44589,5089,5734,4842,5193,5363,3593,5010,4358,5863,5178,5271,6144,6896,6576,5744,2860,2417,1475
0500000US06059,Orange,California,OrangeCalifornia,3185968,1573189,1612779,187424,176525,211447,205379,210595,243175,216675,214199,199120,224484,221335,216108,188276,142280,124254,80776,58499,65417
0500000US06067,Sacramento,California,SacramentoCalifornia,1540975,752842,788133,98854,97945,106610,95824,96515,123506,117870,112834,93049,97367,94527,95497,93133,70410,57822,36056,25650,27506
0500000US06115,Yuba,California,YubaCalifornia,78041,39819,38222,5920,5294,6460,5556,5223,6297,5966,4676,4812,4431,4024,4392,5607,3503,2293,1501,1057,1029
0500000US06023,Humboldt,California,HumboldtCalifornia,136373,68722,67651,7335,8500,6410,8744,12757,9640,8044,9700,8773,7381,6777,7025,10991,8168,7059,3664,2588,2817
0500000US06039,Madera,California,MaderaCalifornia,157672,76573,81099,11785,11935,12680,11502,10369,10995,10756,10604,9632,8976,9116,9168,8055,6223,7290,2937,2981,2668
0500000US06111,Ventura,California,VenturaCalifornia,850967,420907,430060,49716,54227,56590,56607,57191,59379,54677,54561,51937,55577,55791,61658,50837,44719,31341,21965,15666,18528
0500000US06083,Santa Barbara,California,Santa BarbaraCalifornia,446527,223408,223119,27464,26578,29451,38291,47576,32544,27032,25931,24695,24075,24036,25552,24900,20804,16779,12760,8421,9638
0500000US06031,Kings,California,KingsCalifornia,151366,83591,67775,10990,11819,11672,10792,11790,13180,12139,11170,10402,9095,8503,8863,5538,4485,4266,2466,2784,1412
0500000US06089,Shasta,California,ShastaCalifornia,180040,88679,91361,9933,11842,10347,10511,10406,11176,11226,11043,9163,9603,11067,12905,13791,11028,10453,6499,5095,3952
0500000US06013,Contra Costa,California,Contra CostaCalifornia,1150215,562983,587232,64482,67894,80292,74110,66366,73362,73830,75042,80004,80715,81104,79112,72635,58417,47941,32092,22622,20195
0500000US06079,San Luis Obispo,California,San Luis ObispoCalifornia,284010,143754,140256,13213,12615,15090,22297,30716,16508,16483,16559,13930,14743,15525,18654,20083,18999,16424,9250,6418,6503
0500000US06087,Santa Cruz,California,Santa CruzCalifornia,274255,134866,139389,13667,14699,14555,23856,26705,17854,15843,16152,15678,16533,16836,18002,18526,17833,11620,7120,4941,3835
0500000US06037,Los Angeles,California,Los AngelesCalifornia,10105518,4982529,5122989,602507,575136,640817,628872,701010,856123,783915,721419,659703,686881,661688,637656,573832,450513,334698,232662,165338,192748
0500000US06061,Placer,California,PlacerCalifornia,393149,193296,199853,20248,25087,25347,25290,20967,21021,21292,24992,25985,26336,26540,26922,26373,23883,19433,14102,10208,9123
0500000US06033,Lake,California,LakeCalifornia,64382,31318,33064,3924,3857,3434,3002,3023,3664,3850,4136,3640,3050,3807,4816,5323,6435,3345,2856,1059,1161
0500000US06075,San Francisco,California,San FranciscoCalifornia,883305,450985,432320,39618,29690,32128,32825,46479,102939,104840,78591,61068,59889,55335,48637,53138,43741,32881,21482,17182,22842
0500000US06071,San Bernardino,California,San BernardinoCalifornia,2171603,1081214,1090389,154707,156947,163507,157861,164029,175532,156204,146226,135151,134127,130615,130702,114827,88335,65019,44272,27789,25753
0500000US06065,Riverside,California,RiversideCalifornia,2450758,1221553,1229205,158411,168165,182168,176758,168706,177544,164581,160006,154724,154061,151399,151371,129839,112616,88063,67972,41484,42890
0500000US06085,Santa Clara,California,Santa ClaraCalifornia,1937570,982419,955151,114873,110532,127757,114555,120084,157756,155968,144933,134955,137371,129082,120114,108338,83113,62533,45446,32643,37517
0500000US06099,Stanislaus,California,StanislausCalifornia,549815,272319,277496,38528,40377,44908,39410,37796,40177,37983,37199,34605,32516,31994,33245,28570,26191,16946,13055,7758,8557
0500000US06101,Sutter,California,SutterCalifornia,96807,47630,49177,6653,7334,6937,6548,5618,7412,6911,6241,5336,5316,5896,5268,6474,4407,3340,3193,1654,2269
0500000US06095,Solano,California,SolanoCalifornia,446610,222472,224138,26794,26912,28809,27289,27916,33993,31536,28580,27838,27054,28629,30130,30533,24393,18357,12340,6696,8811
0500000US06073,San Diego,California,San DiegoCalifornia,3343364,1682808,1660556,207770,192183,205986,207184,252462,286895,264292,241806,205559,209606,204197,204120,191483,154355,117946,80677,57763,59080
0500000US06077,San Joaquin,California,San JoaquinCalifornia,752660,374647,378013,52947,57407,59229,55893,51560,54591,51066,51125,46533,47223,45033,41740,42469,32384,24340,18037,10152,10931
0500000US06053,Monterey,California,MontereyCalifornia,435594,221011,214583,30774,31438,33757,30063,31653,30829,31069,31938,25282,26202,24805,24421,23872,19655,14738,8903,7832,8363
0500000US06055,Napa,California,NapaCalifornia,139417,69694,69723,6967,6530,10079,9313,8766,8209,9115,8759,7863,9522,8825,9381,9283,8598,7258,5005,3236,2708
0500000US06047,Merced,California,MercedCalifornia,274765,138520,136245,21491,21488,24244,23679,20849,21005,18707,17043,16763,15689,15590,14610,12859,9009,8507,6579,3178,3475
0500000US06081,San Mateo,California,San MateoCalifornia,769545,381684,387861,43019,43705,45890,40329,40911,56172,58731,57965,53003,54483,51718,51485,48096,40952,28942,21766,13610,18768
0500000US06001,Alameda,California,AlamedaCalifornia,1666753,820179,846574,96774,91122,99712,93289,99631,137355,141601,136963,114444,115418,106753,107322,95859,77899,58843,38789,27415,27564
0500000US06097,Sonoma,California,SonomaCalifornia,499942,243952,255990,24591,27576,28649,30274,27975,31079,31468,34033,29702,31375,32574,36261,36355,34672,25550,16420,9408,11980
0500000US06113,Yolo,California,YoloCalifornia,220408,107008,113400,12882,12582,13067,22302,31778,15045,13657,15458,10527,12128,11087,11640,11078,9101,6663,4310,3558,3545
0500000US06107,Tulare,California,TulareCalifornia,465861,234322,231539,35499,40991,42932,38237,32982,33113,32158,31229,28007,25634,25454,22936,24067,16441,14594,8854,6439,6294
0500000US06057,Nevada,California,NevadaCalifornia,99696,48808,50888,3931,4439,6037,4260,3523,5129,4784,5785,5676,5605,6002,7941,8838,9484,8009,4169,2932,3152
0500000US06019,Fresno,California,FresnoCalifornia,994400,495950,498450,77286,77081,82856,71831,70459,80398,72603,67699,59148,54477,54823,55778,48421,39199,31803,17929,15424,17185
0500000US06007,Butte,California,ButteCalifornia,231256,113736,117520,13056,12476,13218,16837,22757,17037,13277,13398,12671,12339,11852,13718,15800,14949,10320,8903,4207,4441
0500000US06017,El Dorado,California,El DoradoCalifornia,190678,94527,96151,8586,9130,12869,11424,9821,9281,8858,12606,9389,12482,12924,15570,17311,14742,10686,6861,3685,4453
0500000US06025,Imperial,California,ImperialCalifornia,181827,93655,88172,14876,11876,15888,14301,13061,14488,12678,12312,8832,11282,9830,10495,8396,8092,5267,4116,3392,2645
0500000US06029,Kern,California,KernCalifornia,896764,459769,436995,69712,66175,81427,66229,65981,73706,65985,62260,52553,51552,48622,49360,45126,34857,24449,15794,12300,10676
0500000US06041,Marin,California,MarinCalifornia,259666,127299,132367,11504,12694,17714,14667,12234,10301,11314,13622,16632,21104,20323,19092,20252,18825,14871,11099,7072,6346
0500000US09011,New London,Connecticut,New LondonConnecticut,266784,133585,133199,12752,12786,16636,15956,19144,18865,16680,13409,15635,16491,20206,19971,19939,14983,12368,9005,5843,6115
0500000US09005,Litchfield,Connecticut,LitchfieldConnecticut,181111,89654,91457,7473,9487,9254,10331,10084,9388,8833,10890,8733,12222,14467,15595,16457,12777,9548,7068,4144,4360
0500000US09007,Middlesex,Connecticut,MiddlesexConnecticut,162682,78396,84286,6269,9482,7282,9832,10690,9019,9526,10008,8139,10993,12625,12571,13804,10424,8088,5483,4108,4339
0500000US09003,Hartford,Connecticut,HartfordConnecticut,892697,434366,458331,47757,48336,56621,58229,57215,58951,59260,57082,53001,57238,62455,64672,59206,45634,38948,27912,17646,22534
0500000US09009,New Haven,Connecticut,New HavenConnecticut,857620,412943,444677,43987,43761,53644,58472,58809,58645,56453,49754,50741,54969,59755,59073,60768,45951,37199,27022,16007,22610
0500000US09013,Tolland,Connecticut,TollandConnecticut,150921,75123,75798,6271,6445,8346,14670,16266,8307,11225,8537,6951,9110,9971,10543,9998,7860,6220,4565,2489,3147
0500000US09015,Windham,Connecticut,WindhamConnecticut,117027,56804,60223,4941,5999,7137,9178,7718,7082,8027,6736,7634,7445,8458,8876,8870,6057,4980,3455,1733,2701
0500000US09001,Fairfield,Connecticut,FairfieldConnecticut,943823,459662,484161,51774,55583,65106,65626,59920,52731,54899,57542,59781,66400,71837,69219,63581,43371,38652,27938,17973,21890
0500000US12017,Citrus,Florida,CitrusFlorida,147929,72104,75825,5753,5928,6220,6485,5444,6515,5665,5263,6164,7418,8732,10063,14447,16405,13054,10321,7242,6810
0500000US12097,Osceola,Florida,OsceolaFlorida,367990,179155,188835,23336,24289,26498,26974,24345,26167,25534,31591,22368,25885,23200,18763,20613,18641,11435,8867,4682,4802
0500000US12023,Columbia,Florida,ColumbiaFlorida,70503,35555,34948,4328,5326,3383,4324,3852,4416,3598,5155,4510,4579,4041,4882,5131,3714,3719,2610,1307,1628
0500000US12033,Escambia,Florida,EscambiaFlorida,315534,156997,158537,18797,15378,21583,21420,24660,24832,20719,17946,18305,17156,18752,21285,21705,17158,13663,8840,7233,6102
0500000US12113,Santa Rosa,Florida,Santa RosaFlorida,179349,91848,87501,10018,10671,11707,10594,10532,13183,11210,11659,12073,12112,11985,10988,14201,9134,8235,6008,2925,2114
0500000US12073,Leon,Florida,LeonFlorida,292502,138408,154094,15195,14832,15447,26021,45668,24650,17936,17579,14917,14722,14390,15406,16825,14318,9900,7285,3717,3694
0500000US12103,Pinellas,Florida,PinellasFlorida,975280,467767,507513,42405,46244,41640,43700,47203,61886,56730,54281,52574,61209,69053,77027,79480,70942,59145,43240,33474,35047
0500000US12083,Marion,Florida,MarionFlorida,359977,171353,188624,17346,18358,18735,20504,17332,18733,16981,17788,17863,20380,21386,25523,25024,27803,27931,23858,12277,12155
0500000US12091,Okaloosa,Florida,OkaloosaFlorida,207269,104314,102955,13849,11846,14495,11176,13697,16920,15326,14517,10348,11304,12669,14826,12191,10903,9818,5921,4835,2628
0500000US12117,Seminole,Florida,SeminoleFlorida,467832,225955,241877,24699,25682,29961,28311,28377,34665,33226,33548,31948,32813,31254,30266,30348,22325,20497,12303,9117,8492
0500000US12035,Flagler,Florida,FlaglerFlorida,112067,53523,58544,4342,5084,6003,6099,4146,5577,5098,6811,3678,6141,6898,8963,7883,9160,9955,7028,4297,4904
0500000US12061,Indian River,Florida,Indian RiverFlorida,157413,76541,80872,7894,7637,6219,6834,5165,7623,6151,7614,7362,8319,9214,9883,16114,13886,13374,10603,6403,7118
0500000US12085,Martin,Florida,MartinFlorida,160912,79107,81805,6533,5257,9499,8639,6353,7906,8207,5249,8616,8980,10685,12159,12410,11262,13152,10305,7585,8115
0500000US12005,Bay,Florida,BayFlorida,185287,91852,93435,11383,11827,10256,11009,11737,12126,12051,13217,9847,10374,12917,13785,13831,9470,8701,5881,3582,3293
0500000US12099,Palm Beach,Florida,Palm BeachFlorida,1485941,719591,766350,75957,75452,82029,82395,79848,91044,87051,88972,81217,93326,96512,101163,96137,83740,88221,73448,48493,60936
0500000US12107,Putnam,Florida,PutnamFlorida,74163,36614,37549,4428,4057,4621,4306,4347,3935,3608,4631,3195,4034,4509,5843,5335,4668,5935,3921,2073,717
0500000US12053,Hernando,Florida,HernandoFlorida,190865,91394,99471,8993,8849,10751,10317,8829,9895,9390,11893,8830,10691,12167,12473,15144,14039,14000,11623,6232,6749
0500000US12101,Pasco,Florida,PascoFlorida,539630,261830,277800,28054,30566,31575,31366,26976,28553,29467,32711,33490,36244,35688,37384,35422,36559,30824,25702,15529,13520
0500000US12115,Sarasota,Florida,SarasotaFlorida,426718,203878,222840,14847,15637,18387,19149,16847,18407,16104,18843,18386,21674,25028,33510,32833,40682,38653,31030,24028,22673
0500000US12119,Sumter,Florida,SumterFlorida,128754,64120,64634,1834,2351,3599,2939,2178,3780,3498,3963,4433,3602,5098,6621,11704,21064,21081,17945,8216,4848
0500000US12081,Manatee,Florida,ManateeFlorida,394855,191284,203571,18364,19681,22114,20105,19570,20232,20958,15740,24437,22618,25014,28854,29381,29956,28158,22438,13436,13799
0500000US12087,Monroe,Florida,MonroeFlorida,75027,38491,36536,3336,2655,3460,3697,2986,4506,4563,5823,3600,5188,5834,6607,5800,6644,4218,3183,2081,846
0500000US12095,Orange,Florida,OrangeFlorida,1380645,677889,702756,83836,82609,88241,94389,101479,123872,109478,102608,94504,92475,87509,79390,75371,58036,42060,27215,18729,18844
0500000US12109,St. Johns,Florida,St. JohnsFlorida,254261,124435,129826,11639,14816,18574,19259,11102,9557,12130,13837,18594,18312,18490,18186,18025,16557,15031,9776,5802,4574
0500000US12021,Collier,Florida,CollierFlorida,378488,185300,193188,16313,15539,21055,20046,16835,17653,18133,18334,18125,20721,22373,24114,26784,30790,29421,26458,17526,18268
0500000US12086,Miami-Dade,Florida,Miami-DadeFlorida,2761581,1339698,1421883,159349,147193,158500,157396,168017,198085,196353,189611,189634,202363,202663,185134,159315,132569,107581,78295,60590,68933
0500000US12111,St. Lucie,Florida,St. LucieFlorida,321128,155903,165225,15994,17485,18644,16562,18376,18209,17055,18277,19231,17941,20589,25087,20470,22659,20028,15282,11545,7694
0500000US12031,Duval,Florida,DuvalFlorida,950181,459916,490265,64460,60577,57397,53830,62471,82420,75293,63797,56252,58754,60084,65778,55469,47715,34170,22626,14954,14134
0500000US12001,Alachua,Florida,AlachuaFlorida,269956,131429,138527,13669,15311,12223,22665,38724,26284,17890,17364,13997,12912,11872,15551,13767,13844,8826,6974,3318,4765
0500000US12069,Lake,Florida,LakeFlorida,356495,171434,185061,16995,17791,21237,19561,16831,20228,18447,17207,20743,21913,21554,23140,25724,24879,26491,22044,12628,9082
0500000US12127,Volusia,Florida,VolusiaFlorida,547538,267254,280284,25808,24717,29431,29606,31560,33395,31259,29105,28277,32161,34547,42866,41062,42990,32151,22105,15498,21000
0500000US12071,Lee,Florida,LeeFlorida,754610,369892,384718,34466,35489,39073,39412,36618,42034,39633,39262,38155,43273,45278,53132,52525,59485,59155,42168,27760,27692
0500000US12105,Polk,Florida,PolkFlorida,708009,347083,360926,40829,41250,47464,44024,42694,47952,44399,43723,40254,42898,42414,44407,42275,40854,40292,30432,16855,14993
0500000US12011,Broward,Florida,BrowardFlorida,1951260,950854,1000406,112814,103428,125760,112149,113746,130485,131783,133600,127083,134353,140105,134723,126706,100463,80671,61632,41215,40544
0500000US12089,Nassau,Florida,NassauFlorida,85832,42698,43134,3833,4041,6258,4668,3182,4705,4724,4924,5572,5148,6334,7477,6179,5561,6010,3512,2545,1159
0500000US12019,Clay,Florida,ClayFlorida,216072,108064,108008,11561,14074,15912,14383,11622,13263,13320,15264,12520,15638,14855,15819,13089,13107,9501,6619,2949,2576
0500000US12055,Highlands,Florida,HighlandsFlorida,105424,50863,54561,4345,5675,4800,6262,4683,3587,5340,4130,5950,5117,4681,5648,7961,9691,7697,8134,5096,6627
0500000US12131,Walton,Florida,WaltonFlorida,71375,34634,36741,3360,4069,4490,3990,3919,3073,4179,3755,5381,4841,5021,5376,5404,5306,3864,3081,1764,502
0500000US12015,Charlotte,Florida,CharlotteFlorida,184998,90140,94858,6143,5872,6174,7101,6788,7207,6798,5093,7094,9139,11170,14541,17557,21446,17892,13351,10720,10912
0500000US12057,Hillsborough,Florida,HillsboroughFlorida,1436888,702808,734080,88861,87049,94239,90550,91735,112884,106746,105998,89589,97660,93364,90443,81962,69126,53549,34605,24284,24244
0500000US12009,Brevard,Florida,BrevardFlorida,596849,289611,307238,27832,26799,35203,33580,29728,34794,32907,33229,29126,34316,40093,47826,50148,44615,31680,26236,18110,20627
0500000US13013,Barrow,Georgia,BarrowGeorgia,80809,39917,40892,5177,5902,6164,5534,5039,5771,5486,5559,5243,5692,5776,5240,3983,3550,3107,1661,919,1006
0500000US13157,Jackson,Georgia,JacksonGeorgia,70422,34762,35660,4268,4690,4921,5587,3664,4050,5057,4613,4561,5654,5015,4363,3735,3391,2588,2168,896,1201
0500000US13245,Richmond,Georgia,RichmondGeorgia,201554,96104,105450,13080,12043,13174,14714,15988,18029,14966,12691,11438,11028,11186,10871,14198,9192,8165,4533,3481,2777
0500000US13285,Troup,Georgia,TroupGeorgia,70034,32962,37072,4402,3367,6284,5207,6264,3845,4509,5408,3736,3345,4862,4033,4707,3674,2335,2007,993,1056
0500000US13051,Chatham,Georgia,ChathamGeorgia,289195,139000,150195,17812,17142,16463,18873,23009,24707,21933,19168,16559,17085,16751,18915,16647,14341,12070,7626,5356,4738
0500000US13063,Clayton,Georgia,ClaytonGeorgia,289615,135117,154498,21868,25696,20328,21325,21180,23507,20542,20875,17794,19051,18495,17839,14235,11442,6678,5104,1967,1689
0500000US13113,Fayette,Georgia,FayetteGeorgia,113459,55380,58079,4782,6083,9748,9390,6541,4474,4244,5701,7969,7538,9293,9759,7653,5624,7061,4397,1175,2027
0500000US13223,Paulding,Georgia,PauldingGeorgia,164044,79993,84051,11062,10514,13800,12311,9997,10602,10178,12719,12587,12153,12140,11238,7872,6715,3787,3432,1632,1305
0500000US13059,Clarke,Georgia,ClarkeGeorgia,127330,61122,66208,6509,5814,5939,14484,23729,11067,8384,7850,7048,6566,4718,4588,5611,5105,4162,2500,1511,1745
0500000US13313,Whitfield,Georgia,WhitfieldGeorgia,104062,51621,52441,6819,7316,7417,9101,6314,7410,5523,6506,7514,6549,6987,6552,5466,4917,3897,2530,1600,1644
0500000US13097,Douglas,Georgia,DouglasGeorgia,145331,69386,75945,8863,9519,11950,11844,9274,9001,8228,9031,12217,10390,10807,9088,7833,5874,5272,3117,1493,1530
0500000US13135,Gwinnett,Georgia,GwinnettGeorgia,927781,452307,475474,61171,64499,77975,69599,60037,62266,60798,70086,63238,71208,65621,57931,49647,34112,26453,15582,8243,9315
0500000US13047,Catoosa,Georgia,CatoosaGeorgia,67420,33441,33979,3240,3325,4915,3757,5415,3430,4076,4069,4733,4703,4854,4544,4290,3859,3214,2133,2064,799
0500000US13247,Rockdale,Georgia,RockdaleGeorgia,90594,42762,47832,4854,7185,6364,6764,5208,6075,5806,5157,5444,5953,6507,6281,6190,4371,3677,2175,1495,1088
0500000US13297,Walton,Georgia,WaltonGeorgia,93503,44927,48576,6040,6045,7121,7394,4900,6002,5061,6584,5696,6201,6658,6996,4735,4097,4048,3144,1393,1388
0500000US13295,Walker,Georgia,WalkerGeorgia,69410,34967,34443,3992,4566,3762,4539,4247,4083,3844,4094,4240,4502,4573,5111,4764,4413,2912,3019,1522,1227
0500000US13073,Columbia,Georgia,ColumbiaGeorgia,154291,75105,79186,9637,10299,12729,11203,9254,8938,11319,11067,9218,10784,10458,9188,8868,7199,6935,2558,2462,2175
0500000US13095,Dougherty,Georgia,DoughertyGeorgia,91243,42037,49206,5817,6515,5579,8438,8326,6350,4577,6843,4289,4618,4979,5776,5237,4498,3783,1876,1755,1987
0500000US13151,Henry,Georgia,HenryGeorgia,230220,109288,120932,13198,17262,16884,16867,16684,15274,11306,15568,18604,17890,16911,14768,12748,10186,6613,3624,2384,3449
0500000US13153,Houston,Georgia,HoustonGeorgia,155469,77540,77929,9556,10569,12277,10106,8946,11336,11659,11331,9646,12543,9775,10612,8754,5649,5606,3277,1795,2032
0500000US13021,Bibb,Georgia,BibbGeorgia,153095,72997,80098,9939,10274,11150,10257,11537,11386,9677,10240,7540,9011,9188,8879,10043,8403,5867,3647,3255,2802
0500000US13089,DeKalb,Georgia,DeKalbGeorgia,756558,356943,399615,52849,50823,45289,42543,47630,65390,61810,58193,49901,51170,47925,45050,43996,35946,24283,14131,7921,11708
0500000US13127,Glynn,Georgia,GlynnGeorgia,85219,38778,46441,4659,6003,4780,5229,5190,3895,4930,7700,4957,4104,5124,5858,5835,5858,4619,2967,1500,2011
0500000US13031,Bulloch,Georgia,BullochGeorgia,77296,38232,39064,4262,3211,5673,10372,11927,4976,4344,5631,2215,4284,4081,3360,4415,3152,2022,1254,1154,963
0500000US13115,Floyd,Georgia,FloydGeorgia,97927,46055,51872,6356,5198,7017,7235,6592,7117,6320,5536,5856,6197,5912,5711,6347,4876,4282,3578,1954,1843
0500000US13217,Newton,Georgia,NewtonGeorgia,109541,52294,57247,6975,8002,8321,10326,7663,5626,4362,9564,6416,7941,7375,6205,6386,4612,4364,2813,1296,1294
0500000US13015,Bartow,Georgia,BartowGeorgia,106408,52149,54259,7109,5934,7330,7943,7849,6374,6699,6320,8722,6956,6783,6391,7347,4779,4813,2251,1239,1569
0500000US13117,Forsyth,Georgia,ForsythGeorgia,236612,117349,119263,14133,18258,20332,17755,11757,9454,12807,17547,21360,21932,17323,14179,11377,9601,8275,5057,3867,1598
0500000US13121,Fulton,Georgia,FultonGeorgia,1050114,508879,541235,61717,65013,63302,70411,75366,94365,84412,80329,69055,75948,68596,62338,56587,41425,31412,22457,14103,13278
0500000US13057,Cherokee,Georgia,CherokeeGeorgia,254149,125287,128862,14754,16615,19513,17796,14705,14926,15683,16447,18670,21026,16487,16936,14382,11628,11783,6653,3889,2256
0500000US13215,Muscogee,Georgia,MuscogeeGeorgia,194160,94670,99490,13152,13983,13521,12655,13957,16940,14467,12165,12344,10602,11677,10678,11933,8738,6396,4086,3168,3698
0500000US13077,Coweta,Georgia,CowetaGeorgia,145864,73040,72824,7364,8781,10087,13135,8459,10880,9464,7809,9536,10829,10865,8640,9268,7694,5587,4161,1761,1544
0500000US13185,Lowndes,Georgia,LowndesGeorgia,116321,55535,60786,8205,8562,6861,9919,14383,9397,7310,6269,6790,6574,5910,5730,5881,4925,3726,2883,1413,1583
0500000US13255,Spalding,Georgia,SpaldingGeorgia,66100,31881,34219,3803,4692,4069,4840,3232,5073,2775,4950,4041,4736,3631,4652,3592,4176,2974,2209,1386,1269
0500000US13045,Carroll,Georgia,CarrollGeorgia,118121,58237,59884,6405,8279,8460,10122,9768,8529,7578,7554,6020,7990,7529,6290,6809,5656,4609,2798,2464,1261
0500000US13067,Cobb,Georgia,CobbGeorgia,756865,366941,389924,46770,47455,52596,50760,48053,56974,54283,55666,51090,55684,52184,50888,41634,31828,26903,14312,10432,9353
0500000US13139,Hall,Georgia,HallGeorgia,202148,100325,101823,13104,13726,15229,15685,11939,14698,12549,10930,13169,13454,13155,13187,11245,8010,9494,5546,3831,3197
0500000US23031,York,Maine,YorkMaine,206229,100163,106066,9847,9842,12300,11054,10323,12225,12335,10812,12744,13281,15189,16588,17375,14340,10805,6839,5755,4575
0500000US23011,Kennebec,Maine,KennebecMaine,122083,59257,62826,5831,5716,7406,6979,7440,6999,7271,7678,6249,7575,8645,9459,9965,7673,6954,4444,2221,3578
0500000US23019,Penobscot,Maine,PenobscotMaine,151096,75100,75996,6767,7455,7541,10404,10860,10088,9547,9545,8113,9236,10762,11762,11255,8351,7854,4956,2970,3630
0500000US23001,Androscoggin,Maine,AndroscogginMaine,107679,53089,54590,6140,5802,6847,6187,6828,6793,6727,5902,6693,6923,7781,8369,7395,7302,4071,3842,2022,2055
0500000US23005,Cumberland,Maine,CumberlandMaine,293557,142838,150719,13506,16034,14873,17158,17007,20070,20514,20909,15739,19436,20346,23400,20592,18857,13175,9314,5989,6638
0500000US23003,Aroostook,Maine,AroostookMaine,67111,32867,34244,3410,3182,3662,3829,3405,3368,3039,2993,3713,4112,5090,4938,6177,5117,4128,2410,1716,2822
0500000US24015,Cecil,Maryland,CecilMaryland,102826,50795,52031,5670,7442,5775,6830,6263,6552,5847,5596,6491,6705,8307,6361,8783,5325,4930,2619,1436,1894
0500000US24037,St. Mary's,Maryland,St. Mary'sMaryland,112664,55523,57141,5828,5778,10463,8912,8435,6445,6744,8106,6429,6877,9757,7112,6772,4580,4116,3321,1857,1132
0500000US24009,Calvert,Maryland,CalvertMaryland,92003,46221,45782,4628,4914,7459,6038,5351,5349,5986,6041,4590,6082,7994,7965,6131,4217,4130,2275,1298,1555
0500000US24027,Howard,Maryland,HowardMaryland,323196,157591,165605,19110,21627,23478,21371,18670,19125,19915,21561,24091,23482,23765,23121,19141,13798,14257,8439,4637,3608
0500000US24031,Montgomery,Maryland,MontgomeryMaryland,1052567,509380,543187,65827,69115,67548,64224,59610,63774,70166,75537,69348,73240,72557,72605,65371,54977,37954,29025,19924,21765
0500000US24003,Anne Arundel,Maryland,Anne ArundelMaryland,576031,285544,290487,35483,34259,37408,32194,38503,39660,41596,40503,36979,37060,40816,40465,36294,24772,25543,17029,8206,9261
0500000US24025,Harford,Maryland,HarfordMaryland,253956,124169,129787,14289,15959,15790,15813,16325,14672,15324,16812,14622,18127,18630,17592,17996,12505,12409,7569,4732,4790
0500000US24510,Baltimore city,Maryland,Baltimore cityMaryland,602495,282677,319818,37967,33660,33196,35471,40702,60064,54895,42293,33723,33407,36247,36826,39975,29103,21038,14964,8823,10141
0500000US24021,Frederick,Maryland,FrederickMaryland,255648,126543,129105,15098,16857,16653,17478,15266,15232,17373,16658,16917,17827,18801,17546,17122,11914,10102,7250,2925,4629
0500000US24033,Prince George's,Maryland,Prince George'sMaryland,909308,437625,471683,59540,54858,56125,57990,61596,67970,64498,66173,55887,62396,63669,64956,53025,44032,31673,19541,13439,11940
0500000US24013,Carroll,Maryland,CarrollMaryland,168429,83560,84869,8701,9066,11120,12652,10186,8973,9917,10719,7637,11959,13854,14022,12114,8838,7076,4412,3813,3370
0500000US24045,Wicomico,Maryland,WicomicoMaryland,103195,48745,54450,6336,5914,6806,8305,10618,7608,5450,5090,5879,6122,5921,7087,5813,5404,3871,3032,2188,1751
0500000US24017,Charles,Maryland,CharlesMaryland,161503,77505,83998,9703,10969,10224,11161,11026,10816,10044,11022,9118,12406,13298,10755,11044,7674,4532,3507,1882,2322
0500000US24005,Baltimore,Maryland,BaltimoreMaryland,828431,392736,435695,48855,47474,52529,52396,50076,57120,56796,53206,48173,51037,54618,56593,57016,45711,33903,25831,16737,20360
0500000US24043,Washington,Maryland,WashingtonMaryland,150926,77920,73006,8304,8269,10673,8495,9488,10515,9551,11112,7492,10663,10775,8382,11141,7879,6733,4748,3955,2751
0500000US24001,Allegany,Maryland,AlleganyMaryland,70975,37941,33034,3519,3149,3574,5227,5998,4186,4221,3519,4388,4842,4552,5416,4237,3839,3820,3257,2099,1132
0500000US25003,Berkshire,Massachusetts,BerkshireMassachusetts,126348,61499,64849,5001,5881,6026,7914,8430,6956,6738,7324,5489,7488,9249,9994,10619,9169,7449,5491,3301,3829
0500000US25009,Essex,Massachusetts,EssexMassachusetts,790638,381869,408769,44522,43847,49793,52175,51242,48632,48835,44347,50606,51107,57625,60932,52097,43490,34112,21004,15479,20793
0500000US25001,Barnstable,Massachusetts,BarnstableMassachusetts,213413,101183,112230,7195,8560,10308,10727,10027,10651,9477,9571,8381,11320,14300,18769,18674,19947,17375,12431,8030,7670
0500000US25021,Norfolk,Massachusetts,NorfolkMassachusetts,705388,338835,366553,37698,38945,43305,45466,43776,44715,46316,44952,43938,48015,50833,51971,46500,37818,28365,20714,13545,18516
0500000US25017,Middlesex,Massachusetts,MiddlesexMassachusetts,1614714,790337,824377,85643,88292,88462,102800,114506,126233,125224,111656,100159,105785,111052,110101,98741,76631,62498,42851,30086,33994
0500000US25025,Suffolk,Massachusetts,SuffolkMassachusetts,807252,390462,416790,41775,35981,34328,54446,77678,103648,85122,58931,45472,44761,44395,44039,39724,33834,22675,17879,10881,11683
0500000US25011,Franklin,Massachusetts,FranklinMassachusetts,70963,34401,36562,3020,3963,3408,3499,3401,4143,4323,3875,4392,4468,4610,5090,7347,5122,4546,1938,1636,2182
0500000US25013,Hampden,Massachusetts,HampdenMassachusetts,470406,227450,242956,25427,27663,29383,33232,34475,32296,30008,27466,27058,29208,31040,33567,30818,25457,19367,14351,7527,12063
0500000US25015,Hampshire,Massachusetts,HampshireMassachusetts,161355,75097,86258,5164,5337,7924,18947,23508,8175,7593,7662,7275,8517,11609,11538,10138,9828,7521,4311,3228,3080
0500000US25023,Plymouth,Massachusetts,PlymouthMassachusetts,518132,252706,265426,27274,31448,30145,34392,31955,28087,28897,31220,27958,35720,39587,40296,37547,30007,26038,16879,10021,10661
0500000US25027,Worcester,Massachusetts,WorcesterMassachusetts,830839,409838,421001,44457,46773,51176,56046,56538,54527,53976,51978,48576,56828,61482,62675,55965,43247,33252,21523,16224,15596
0500000US25005,Bristol,Massachusetts,BristolMassachusetts,564022,273114,290908,29409,30489,35534,36042,36674,36855,35047,35830,34130,38879,40631,39823,39823,29534,25715,15879,10487,13241
0500000US34033,Salem,New Jersey,SalemNew Jersey,62607,30819,31788,3082,3597,4570,3595,3338,4300,3365,4271,3180,3729,4589,4330,4926,3996,2763,2762,783,1431
0500000US34035,Somerset,New Jersey,SomersetNew Jersey,331164,161936,169228,16889,17443,24467,21089,19964,18025,18694,22345,21985,23879,25813,24523,24429,17017,11521,8759,7095,7227
0500000US34025,Monmouth,New Jersey,MonmouthNew Jersey,621354,302643,318711,30897,32297,42777,40431,36881,35151,31890,35263,36470,43275,49012,51698,46112,34804,27920,20266,11645,14565
0500000US34013,Essex,New Jersey,EssexNew Jersey,799767,384965,414802,52554,53595,51936,50440,50926,56140,54115,54577,57333,56526,55056,50504,47533,34257,27685,18743,12205,15642
0500000US34021,Mercer,New Jersey,MercerNew Jersey,369811,180597,189214,20928,19894,23839,26639,29475,23956,22334,24063,22754,25599,25774,25524,23031,19625,12990,8786,7407,7193
0500000US34017,Hudson,New Jersey,HudsonNew Jersey,676061,336097,339964,46925,35602,36134,32700,40663,70607,72233,59758,47151,41962,40388,35377,36643,25889,19718,14364,9222,10725
0500000US34005,Burlington,New Jersey,BurlingtonNew Jersey,445384,218445,226939,22749,25820,27135,26693,27921,28349,27061,27552,28716,29774,32991,34159,31189,23629,19305,12819,9792,9730
0500000US34007,Camden,New Jersey,CamdenNew Jersey,507078,243014,264064,30826,29629,34785,30844,30320,35978,34566,34430,30153,33093,34466,35681,33067,25876,20262,14540,9426,9136
0500000US34011,Cumberland,New Jersey,CumberlandNew Jersey,150972,77267,73705,9252,9193,11135,9692,8797,10675,10426,10548,10641,9055,10002,9594,8740,8018,5663,4103,3121,2317
0500000US34015,Gloucester,New Jersey,GloucesterNew Jersey,291408,140687,150721,14796,17355,19554,20041,18191,17781,18094,16793,19169,21175,20651,20773,20456,15459,12164,7481,5416,6059
0500000US34029,Ocean,New Jersey,OceanNew Jersey,601651,290185,311466,42557,36103,42372,34662,32203,34772,31529,30253,30050,33032,36996,39075,41769,35570,36454,28236,17471,18547
0500000US34039,Union,New Jersey,UnionNew Jersey,558067,272272,285795,35126,37847,35388,35510,33732,35528,36185,40982,35727,39018,40051,39199,33521,25410,19766,15006,8220,11851
0500000US34027,Morris,New Jersey,MorrisNew Jersey,494228,241619,252609,24723,25514,33044,32692,30923,26407,26988,28006,33011,35767,39974,37920,34945,24709,21611,16433,9124,12437
0500000US34003,Bergen,New Jersey,BergenNew Jersey,936692,454629,482063,49750,54365,57849,57493,55100,52180,56189,61112,62610,66606,69413,72185,60841,46591,40901,27091,20360,26056
0500000US34041,Warren,New Jersey,WarrenNew Jersey,105779,52001,53778,4699,5324,6358,7189,6077,5691,5962,5063,6730,7744,8671,8571,8507,5678,5116,4109,1435,2855
0500000US34019,Hunterdon,New Jersey,HunterdonNew Jersey,124714,62020,62694,5043,6887,7022,8528,7941,5600,5294,6828,6863,9359,10931,12308,8830,8320,5809,3851,2378,2922
0500000US34009,Cape May,New Jersey,Cape MayNew Jersey,92560,45935,46625,4071,3411,4346,4163,5483,5778,4814,4798,3678,5094,6880,7771,8205,7150,6435,4966,2882,2635
0500000US34001,Atlantic,New Jersey,AtlanticNew Jersey,265429,129633,135796,14350,16128,15915,16710,19372,14347,14654,16161,14033,17531,18735,21900,18035,13016,14340,9805,5329,5068
0500000US34023,Middlesex,New Jersey,MiddlesexNew Jersey,829685,409784,419901,47910,48470,52306,54013,54125,55394,57113,61316,52868,56305,57360,57657,50710,41585,29447,20170,14778,18158
0500000US34037,Sussex,New Jersey,SussexNew Jersey,140799,70186,70613,6699,6920,8580,9121,8351,7605,8210,7876,7837,9852,11639,12508,11925,9332,5281,4296,2820,1947
0500000US34031,Passaic,New Jersey,PassaicNew Jersey,503310,245652,257658,33868,32511,33580,34067,34491,35382,31731,32370,32267,32169,33663,33431,30569,24162,17109,13314,9369,9257
0500000US36087,Rockland,New York,RocklandNew York,325695,160230,165465,26348,24313,25878,23812,21799,19494,17307,19074,17369,18912,20786,19836,19658,16287,11666,7409,7871,7876
0500000US36105,Sullivan,New York,SullivanNew York,75498,38858,36640,4167,4242,4733,5280,3693,4397,4065,4774,3733,5364,5654,5987,5211,4532,3838,3068,1643,1117
0500000US36111,Ulster,New York,UlsterNew York,178599,88542,90057,7600,8227,9746,9999,12870,11486,11035,12025,9062,11136,12857,13136,14295,11233,9173,6732,3589,4398
0500000US36053,Madison,New York,MadisonNew York,70795,34819,35976,3092,4064,3603,6677,5654,3450,3605,3206,3999,4257,5115,5222,5764,5196,2528,2870,1104,1389
0500000US36081,Queens,New York,QueensNew York,2278906,1105577,1173329,141025,114733,131467,114739,130400,186838,179431,162511,150800,153175,155124,159360,141673,111198,90377,64901,45981,45173
0500000US36119,Westchester,New York,WestchesterNew York,967612,468837,498775,53737,56684,62385,63626,60610,54952,56269,62664,60495,67534,71046,69293,62980,46993,41340,30306,20116,26582
0500000US36113,Warren,New York,WarrenNew York,64265,31907,32358,2946,3974,2187,3834,3034,3960,3356,3928,3153,4266,4591,4399,6276,5341,3166,2032,1561,2261
0500000US36117,Wayne,New York,WayneNew York,90064,44790,45274,5067,4586,6461,5011,4799,5132,5182,4127,5577,5609,6688,7606,6927,4908,5022,3356,1896,2110
0500000US36005,Bronx,New York,BronxNew York,1432132,673951,758181,102764,94486,100545,95617,104329,123774,106386,92835,88297,87166,92443,85317,75008,55410,46561,33127,26879,21188
0500000US36007,Broome,New York,BroomeNew York,191659,93150,98509,9796,10769,9900,15095,16868,12265,10718,9871,10063,10307,11884,13207,14123,10062,9555,6395,4447,6334
0500000US36027,Dutchess,New York,DutchessNew York,293718,146156,147562,13417,14757,16151,21333,21801,17399,17467,15264,18692,19095,22173,22670,21926,16447,12770,9191,6677,6488
0500000US36101,Steuben,New York,SteubenNew York,95796,48423,47373,5064,6200,5521,5729,5151,5557,5413,6231,5087,6100,6461,7346,7273,6635,4175,3521,2172,2160
0500000US36067,Onondaga,New York,OnondagaNew York,461809,222736,239073,26513,29196,24961,33371,32733,30377,30461,26843,25091,27795,30639,31972,32990,24732,19833,13316,8968,12018
0500000US36069,Ontario,New York,OntarioNew York,109864,53729,56135,5547,6387,6062,6856,7042,6035,6079,6449,5627,7274,8234,8104,8523,7298,5380,3802,2520,2645
0500000US36015,Chemung,New York,ChemungNew York,84254,40747,43507,4726,6135,3936,4855,4974,5016,4773,5582,3901,5031,5948,7197,5567,5794,3725,3208,1981,1905
0500000US36045,Jefferson,New York,JeffersonNew York,111755,58729,53026,8684,8073,6320,6461,11377,10237,7835,7594,5348,6059,5950,5976,6383,5531,3534,2824,1921,1648
0500000US36001,Albany,New York,AlbanyNew York,307117,149679,157438,14893,13914,17175,24092,31561,20499,19894,19999,14784,17588,20355,19766,20281,17586,12419,8733,6528,7050
0500000US36029,Erie,New York,ErieNew York,919719,444847,474872,50206,51537,50935,60014,58010,68043,63480,54800,48197,55358,61423,67872,64628,49632,42123,29333,20157,23971
0500000US36059,Nassau,New York,NassauNew York,1358343,661642,696701,74276,79224,84587,86141,86361,81499,77597,81403,81862,89752,99447,100421,94443,72238,60725,41309,27875,39183
0500000US36071,Orange,New York,OrangeNew York,381951,192029,189922,25102,25194,29416,29236,27763,23360,22026,22891,22508,25190,27217,24771,23886,18443,13470,8084,6337,7057
0500000US36083,Rensselaer,New York,RensselaerNew York,159442,78766,80676,8115,8189,9280,11542,11114,11704,10704,10325,8353,9709,10850,11897,11103,9229,6778,4248,2570,3732
0500000US36013,Chautauqua,New York,ChautauquaNew York,127939,63814,64125,6821,6837,7436,8779,7752,8090,7345,7770,5989,7331,8289,10433,9480,8148,6120,4837,2574,3908
0500000US36019,Clinton,New York,ClintonNew York,80695,42358,38337,3782,3522,4274,6138,7667,5570,5166,4746,4181,5002,5267,5501,6356,4539,3326,2212,1948,1498
0500000US36061,New York,New York,New YorkNew York,1628701,770362,858339,76770,59013,63661,68060,111359,188847,175297,127525,105557,101265,97832,93224,91457,80936,65414,49549,33326,39609
0500000US36091,Saratoga,New York,SaratogaNew York,230163,113339,116824,11871,11907,13251,15739,14118,13031,13454,14585,13653,16171,18328,18971,14234,13148,11518,7360,4748,4076
0500000US36009,Cattaraugus,New York,CattaraugusNew York,76840,38067,38773,4068,4647,4813,5205,4737,4055,4390,4487,4143,4652,5431,5672,5899,4596,3853,3302,1366,1524
0500000US36055,Monroe,New York,MonroeNew York,742474,358147,384327,40565,41752,44604,49463,51462,54485,50175,44601,40443,44830,49351,48050,54583,40024,32820,23475,14105,17686
0500000US36109,Tompkins,New York,TompkinsNew York,102793,51465,51328,4421,4151,3946,13231,17285,7268,5894,5980,4525,4871,5609,4164,7239,4143,4443,2144,1440,2039
0500000US36065,Oneida,New York,OneidaNew York,229577,113987,115590,12745,13780,14365,14672,13912,14818,15467,12654,12344,13651,15843,15652,17119,13113,9952,7108,5493,6889
0500000US36075,Oswego,New York,OswegoNew York,117898,59222,58676,6162,6045,7534,9102,8771,7912,6932,7399,5175,7352,8751,9824,7490,6710,4989,3262,2779,1709
0500000US36063,Niagara,New York,NiagaraNew York,210433,102743,107690,10889,10201,13221,12678,12336,13062,12522,12730,10651,13005,15440,14789,19096,12809,10225,6390,4589,5800
0500000US36079,Putnam,New York,PutnamNew York,98892,49528,49364,4456,5287,5399,6771,6135,5380,6143,5386,5330,7461,8424,7635,7991,6186,4248,3614,1450,1596
0500000US36051,Livingston,New York,LivingstonNew York,63227,32028,31199,2757,3095,3139,6093,5232,3610,3379,3192,3408,3981,4524,4829,4871,3165,3297,2019,1620,1016
0500000US36103,Suffolk,New York,SuffolkNew York,1481093,729779,751314,79249,80024,94303,97496,95867,92293,83263,84000,89904,102852,116313,114650,100797,72299,68169,47481,31030,31103
0500000US36089,St. Lawrence,New York,St. LawrenceNew York,108047,55626,52421,5341,6234,6171,9927,8883,6324,6043,5252,6345,6568,7505,7759,7227,5466,5265,2806,2381,2550
0500000US36011,Cayuga,New York,CayugaNew York,77145,39764,37381,3951,4632,3874,4611,4008,5264,4975,5212,4116,4817,5433,6553,5377,4663,3575,1870,2538,1676
0500000US36047,Kings,New York,KingsNew York,2582830,1223278,1359552,187096,156195,158534,136580,159102,243634,230933,195947,164363,154822,148478,147328,141021,115276,88781,65210,43734,45796
0500000US36085,Richmond,New York,RichmondNew York,476179,230765,245414,27413,28482,29742,29915,27976,33845,31047,28938,30375,32043,33526,32166,33657,26691,19292,14287,8183,8601
0500000US36093,Schenectady,New York,SchenectadyNew York,155350,76212,79138,8710,8354,10455,10608,11470,8876,9112,10618,9634,8990,10457,9945,11269,7779,7057,3932,3770,4314
0500000US39007,Ashtabula,Ohio,AshtabulaOhio,97493,49312,48181,5783,5705,6492,5220,5759,5920,5219,6300,4264,6078,7340,6912,7932,6301,4539,3478,1970,2281
0500000US39013,Belmont,Ohio,BelmontOhio,67505,34519,32986,3579,3178,3987,3544,3340,4519,3697,3828,3993,4500,4249,5003,5738,4631,3689,2297,1664,2069
0500000US39093,Lorain,Ohio,LorainOhio,309461,152537,156924,17709,18578,19653,20005,20119,16926,16513,17931,19414,20751,20521,21756,22680,19233,14013,9690,6875,7094
0500000US39029,Columbiana,Ohio,ColumbianaOhio,102665,51589,51076,5526,5351,6345,5964,5532,5743,5563,5988,5767,7005,6761,7959,7986,7356,5024,4218,2430,2147
0500000US39055,Geauga,Ohio,GeaugaOhio,94031,46724,47307,5011,5411,6574,6989,5401,4177,3885,5244,4424,5855,7057,7323,7173,6063,5030,3862,2525,2027
0500000US39119,Muskingum,Ohio,MuskingumOhio,86183,42143,44040,5265,4753,6144,5418,5280,5458,4866,4736,5311,5651,5950,5432,6730,5389,3278,3255,1843,1424
0500000US39081,Jefferson,Ohio,JeffersonOhio,65767,32354,33413,3125,2722,4229,3709,5051,3682,3303,3178,3621,4485,4073,4764,5368,4781,3430,2905,1823,1518
0500000US39035,Cuyahoga,Ohio,CuyahogaOhio,1243857,593150,650707,71166,65990,75664,74772,78984,93486,82582,72839,70104,74620,79754,88568,89191,74278,51271,42422,26358,31808
0500000US39061,Hamilton,Ohio,HamiltonOhio,816684,394206,422478,52905,49287,53919,53691,53323,65691,59413,52743,43969,47304,50838,57032,51552,40716,31188,21506,14710,16897
0500000US39165,Warren,Ohio,WarrenOhio,232173,117267,114906,13093,12668,20105,16757,12049,12973,14566,16723,15073,17256,16696,18541,12293,10958,9192,4796,3995,4439
0500000US39009,Athens,Ohio,AthensOhio,65818,33319,32499,2511,1890,3522,8286,12430,4190,3909,3875,2456,3210,3262,4132,3508,3465,1806,1465,798,1103
0500000US39023,Clark,Ohio,ClarkOhio,134585,65014,69571,7874,7259,9684,9399,8035,8014,7736,7162,8076,7837,9157,9114,9281,8232,6653,4466,2757,3849
0500000US39099,Mahoning,Ohio,MahoningOhio,229642,113227,116415,12238,12354,12127,15978,14540,13433,12247,12241,13037,13638,14631,16077,18961,15752,10754,8768,4703,8163
0500000US39085,Lake,Ohio,LakeOhio,230514,113126,117388,10914,12612,13669,13512,12685,13952,13027,13801,13013,15553,16078,16740,18611,14375,12055,7659,6411,5847
0500000US39153,Summit,Ohio,SummitOhio,541918,263355,278563,29727,30526,32476,33745,33039,37798,33608,34394,29923,34583,35597,39145,39890,32412,24121,18169,9700,13065
0500000US39045,Fairfield,Ohio,FairfieldOhio,155782,77951,77831,9428,9509,10982,11563,8877,9140,8916,9661,10433,10815,11199,10862,9722,7964,6726,4303,3512,2170
0500000US39155,Trumbull,Ohio,TrumbullOhio,198627,96599,102028,11057,9776,12477,11346,10719,11696,11392,11023,10671,12502,13039,14966,14814,14060,10660,7493,4670,6266
0500000US39169,Wayne,Ohio,WayneOhio,115967,57444,58523,7309,7846,8132,8204,7764,7013,6606,6330,6139,6895,6867,8253,8345,6659,4742,4723,1774,2366
0500000US39063,Hancock,Ohio,HancockOhio,75930,37308,38622,4332,4968,4163,5465,4421,5607,4789,4581,4438,4744,5052,5843,4698,4027,3193,1736,1896,1977
0500000US39151,Stark,Ohio,StarkOhio,371574,180157,191417,20726,22675,22461,23301,22005,23121,20597,23022,20239,23505,23767,28475,25618,22818,17757,13718,7974,9795
0500000US39109,Miami,Ohio,MiamiOhio,106222,52551,53671,6146,7487,6569,6673,5165,6275,6224,5518,7104,6673,6885,7684,7283,6507,5079,5158,1970,1822
0500000US39145,Scioto,Ohio,SciotoOhio,75502,37439,38063,4212,4974,4169,5355,4467,4884,4497,5025,4266,4688,4946,5371,5122,4723,2879,2759,1494,1671
0500000US39113,Montgomery,Ohio,MontgomeryOhio,532331,257229,275102,32597,31485,33295,33939,34993,38656,33689,31680,29456,31752,33304,37029,34812,29067,24754,17514,10663,13646
0500000US39089,Licking,Ohio,LickingOhio,175769,85511,90258,10977,11625,11106,11926,10560,10134,10481,11594,9463,11825,12599,13202,11544,8723,8055,5046,3389,3520
0500000US39025,Clermont,Ohio,ClermontOhio,205466,100815,104651,12098,14831,12346,12631,11654,12724,13009,13766,12345,13348,14109,15181,14448,10957,9077,5725,4030,3187
0500000US39041,Delaware,Ohio,DelawareOhio,204826,101021,103805,12725,14776,16701,15182,12153,8546,11010,15673,15237,15733,14443,12675,12394,10074,6863,4179,3557,2905
0500000US39049,Franklin,Ohio,FranklinOhio,1310300,639445,670855,93026,81636,83955,86248,88600,126733,113218,92945,82294,80079,75268,75079,73678,55163,40304,25851,18043,18180
0500000US39103,Medina,Ohio,MedinaOhio,179146,89213,89933,9723,10212,12435,11782,9099,9588,10040,12973,9642,12158,13645,14417,11358,9948,8974,6495,3657,3000
0500000US39157,Tuscarawas,Ohio,TuscarawasOhio,92176,44815,47361,5649,6270,5297,5825,5460,6073,4866,5419,5323,5408,5651,6184,6724,5629,4423,3639,2084,2252
0500000US39017,Butler,Ohio,ButlerOhio,382378,188087,194291,22986,22031,29058,29652,33590,22151,20932,22180,24250,24660,24949,24986,24681,18802,14513,10724,5743,6490
0500000US39101,Marion,Ohio,MarionOhio,65256,34660,30596,3755,4329,3542,3880,4053,4453,4335,3197,4742,4388,4013,4678,4484,4002,2751,1862,1103,1689
0500000US39173,Wood,Ohio,WoodOhio,130696,64457,66239,7079,7326,7376,11561,15919,8466,7339,7085,7090,7114,7696,7933,8661,7776,3952,3416,2117,2790
0500000US39003,Allen,Ohio,AllenOhio,102663,52122,50541,6030,6821,6140,7831,7334,6767,5402,4959,6556,5727,6736,7033,7397,5083,4988,3095,2833,1931
0500000US39043,Erie,Ohio,ErieOhio,74615,36773,37842,3960,3791,4388,4197,4287,4271,4328,4616,3602,4980,4611,6254,5173,4504,4648,2730,1557,2718
0500000US39141,Ross,Ohio,RossOhio,76931,40171,36760,4042,4304,4389,4912,4728,5088,4381,4958,4579,5583,5907,5222,5482,4094,3569,3794,1207,692
0500000US39095,Lucas,Ohio,LucasOhio,429899,208451,221448,27037,25855,29419,27421,28063,32119,27988,27201,22440,26767,26438,30527,28415,26526,14906,10899,9417,8461
0500000US39057,Greene,Ohio,GreeneOhio,167995,82995,85000,9284,8597,10599,13665,13144,11575,10721,10603,8477,9601,10154,11242,11274,9881,7142,5168,4582,2286
0500000US39139,Richland,Ohio,RichlandOhio,121099,60963,60136,7081,6479,7918,6823,6683,8128,6914,7924,6646,7172,8778,9174,7644,6838,5776,4262,3108,3751
0500000US39133,Portage,Ohio,PortageOhio,162927,79341,83586,7503,9237,7351,13794,18936,10200,8297,8635,8631,9919,10857,11351,11031,9435,7067,5256,2665,2762
0500000US42013,Blair,Pennsylvania,BlairPennsylvania,122492,59228,63264,6104,7542,6223,7529,6721,7855,6828,6694,7185,8139,8409,9566,8204,7883,6277,4903,3285,3145
0500000US42039,Crawford,Pennsylvania,CrawfordPennsylvania,85063,41603,43460,4821,4103,5451,5862,5358,4667,4532,4119,4928,5305,5668,6084,6609,5409,4979,3321,2155,1692
0500000US42051,Fayette,Pennsylvania,FayettePennsylvania,130441,64372,66069,6854,6956,6897,6413,6704,8375,7964,7263,7707,8429,9085,9559,10543,8839,6779,4839,3313,3922
0500000US42081,Lycoming,Pennsylvania,LycomingPennsylvania,113664,54669,58995,6287,5545,7282,8557,6012,7699,7158,5597,6692,6815,7560,7921,8638,7146,5066,4325,3063,2301
0500000US42045,Delaware,Pennsylvania,DelawarePennsylvania,564751,272087,292664,33196,35429,33383,39026,38339,37017,36774,36158,32416,34641,37008,42434,36479,29205,22354,14224,12044,14624
0500000US42073,Lawrence,Pennsylvania,LawrencePennsylvania,86184,41919,44265,4361,4051,5110,5473,4671,4937,4459,4587,4942,5497,5544,6191,7383,5710,4734,4210,2452,1872
0500000US42003,Allegheny,Pennsylvania,AlleghenyPennsylvania,1218452,588659,629793,64027,59164,65767,70727,75482,94627,92760,79686,63741,70581,75955,85273,90743,73839,53510,40676,28061,33833
0500000US42017,Bucks,Pennsylvania,BucksPennsylvania,628195,308124,320071,30736,31747,40899,38762,36396,33934,35042,38758,35501,42091,47575,54653,45041,36473,30224,22355,14545,13463
0500000US42095,Northampton,Pennsylvania,NorthamptonPennsylvania,304807,149975,154832,14331,16684,18304,21723,21069,17303,17708,17426,17312,20053,21376,24647,19208,17193,14513,11013,6676,8268
0500000US42085,Mercer,Pennsylvania,MercerPennsylvania,110683,55089,55594,5254,5342,6709,7471,7252,5665,5904,5491,6524,6630,7544,8490,8417,6705,6485,4293,2497,4010
0500000US42111,Somerset,Pennsylvania,SomersetPennsylvania,73952,38433,35519,3355,3749,3536,3798,3710,4317,4044,4419,4480,4856,5442,5609,6112,5281,3782,3382,2104,1976
0500000US42029,Chester,Pennsylvania,ChesterPennsylvania,522046,257619,264427,29045,33895,34108,36326,31943,30283,30383,31380,33339,35572,37247,37608,35749,27605,22017,15302,9703,10541
0500000US42077,Lehigh,Pennsylvania,LehighPennsylvania,368100,180300,187800,21837,22871,24509,23324,24411,24158,24852,25291,19890,23357,24052,23824,23430,20084,14840,9597,7513,10260
0500000US42001,Adams,Pennsylvania,AdamsPennsylvania,102811,50601,52210,5544,4681,7253,6613,6321,5813,5216,5291,5574,7060,7800,7540,7471,6314,5526,3515,2990,2289
0500000US42041,Cumberland,Pennsylvania,CumberlandPennsylvania,251423,124461,126962,13554,13601,15037,15998,18409,15587,16200,14899,14712,15828,16828,17772,16230,15027,11479,8612,5510,6140
0500000US42021,Cambria,Pennsylvania,CambriaPennsylvania,131730,65065,66665,6462,5803,8286,8517,8065,7194,6477,6186,7717,8229,8587,9709,10834,9389,6850,5489,3571,4365
0500000US42019,Butler,Pennsylvania,ButlerPennsylvania,187888,93038,94850,9477,9273,12139,12045,10822,10791,10812,10926,10844,12384,14023,13098,16305,11903,7866,5529,4033,5618
0500000US42049,Erie,Pennsylvania,EriePennsylvania,272061,133664,138397,14911,15812,16931,19152,17905,19207,16515,15653,15043,16386,17030,20439,18151,15297,12718,7871,5972,7068
0500000US42079,Luzerne,Pennsylvania,LuzernePennsylvania,317646,156745,160901,16250,14967,20202,19620,19189,20171,20014,16323,20001,20506,22577,21567,22900,18906,16391,10855,8617,8590
0500000US42055,Franklin,Pennsylvania,FranklinPennsylvania,154835,75735,79100,9135,8383,11370,9461,7580,9846,10068,10337,8135,9936,9993,10219,10429,9876,6637,6262,3232,3936
0500000US42133,York,Pennsylvania,YorkPennsylvania,448273,221982,226291,25480,26742,29242,28956,25909,26620,27934,28322,25649,30430,31143,31323,32385,25545,19806,14252,8843,9692
0500000US42097,Northumberland,Pennsylvania,NorthumberlandPennsylvania,91083,46104,44979,4562,5679,4337,4810,4645,5474,5625,5500,5279,5526,6426,6685,6888,6344,4574,3036,2479,3214
0500000US42005,Armstrong,Pennsylvania,ArmstrongPennsylvania,65263,32871,32392,3066,3416,3768,3438,3370,3450,3379,3190,3998,4407,4708,5445,5351,4207,3746,2617,1826,1881
0500000US42091,Montgomery,Pennsylvania,MontgomeryPennsylvania,828604,403331,425273,45476,48703,52127,51080,47230,49747,53974,54768,48962,54410,57983,61764,55223,47170,33512,26061,18456,21958
0500000US42063,Indiana,Pennsylvania,IndianaPennsylvania,84501,42527,41974,3941,4042,4181,7232,9427,4804,4121,3883,4192,4622,5138,6239,6056,4747,4472,2835,2164,2405
0500000US42033,Clearfield,Pennsylvania,ClearfieldPennsylvania,79388,41645,37743,3787,4079,4290,3919,4240,5081,4412,4764,4872,5728,5691,6806,5452,5265,3689,3285,1911,2117
0500000US42075,Lebanon,Pennsylvania,LebanonPennsylvania,141314,69165,72149,8087,8563,9944,9353,7621,8422,7501,9869,7075,9012,9460,8633,10065,8625,6541,4445,3949,4149
0500000US42025,Carbon,Pennsylvania,CarbonPennsylvania,64227,31550,32677,3156,2231,4533,3454,3205,3628,3406,3061,4143,4468,5150,5029,5379,4128,3710,1817,1948,1781
0500000US42069,Lackawanna,Pennsylvania,LackawannaPennsylvania,210793,101590,109203,11129,11651,12712,13949,11693,13723,12893,13282,10458,13521,13796,13697,16413,11488,11651,7260,5107,6370
0500000US42011,Berks,Pennsylvania,BerksPennsylvania,420152,205971,214181,24088,25468,27230,30031,27433,26681,25083,22845,25117,27144,29515,30661,26541,22476,18387,12000,8592,10860
0500000US42043,Dauphin,Pennsylvania,DauphinPennsylvania,277097,134626,142471,17189,16688,17874,16394,16753,19614,17899,16223,16448,17975,18338,19678,19206,15879,11098,7084,6373,6384
0500000US42089,Monroe,Pennsylvania,MonroePennsylvania,169507,83749,85758,6767,9580,9788,13676,11204,11107,9558,8779,9133,12575,11313,12733,15166,10108,6886,5008,3555,2571
0500000US42101,Philadelphia,Pennsylvania,PhiladelphiaPennsylvania,1584138,750017,834121,104241,93537,94786,96689,111614,160933,140970,109316,90054,89364,92004,93127,91748,69777,54218,38731,26859,26170
0500000US42007,Beaver,Pennsylvania,BeaverPennsylvania,164742,80056,84686,8719,8806,8951,8279,8519,10090,9324,11234,6829,9555,12151,14647,12019,12590,7184,6245,4863,4737
0500000US42037,Columbia,Pennsylvania,ColumbiaPennsylvania,65456,31765,33691,3225,3204,3013,4925,7595,3376,3238,3793,2933,4165,4131,4381,4765,4485,2779,1574,1760,2114
0500000US42071,Lancaster,Pennsylvania,LancasterPennsylvania,543557,265726,277831,35227,32409,38814,36951,33386,36272,34429,30760,30886,31509,34053,35817,34293,30433,22835,18873,14477,12133
0500000US42107,Schuylkill,Pennsylvania,SchuylkillPennsylvania,142067,73336,68731,6753,6371,9740,7783,6977,10381,7936,8009,7883,10407,10054,10559,10335,9334,6909,4563,3925,4148
0500000US42129,Westmoreland,Pennsylvania,WestmorelandPennsylvania,350611,171859,178752,15538,17447,19079,19351,18095,19161,18162,19416,18560,23296,25440,28171,29459,24833,19241,14598,9994,10770
0500000US42027,Centre,Pennsylvania,CentrePennsylvania,162805,85370,77435,6462,6344,7244,16607,28201,12229,10050,7561,8877,8463,9307,9976,8669,6913,6022,4386,2818,2676
0500000US42125,Washington,Pennsylvania,WashingtonPennsylvania,207346,101092,106254,10059,12256,11054,12366,12340,11767,11493,12634,11212,13092,14545,16244,16138,12944,11206,7981,5620,4395
0500000US48027,Bell,Texas,BellTexas,355642,177081,178561,29751,26729,27496,24762,30215,31941,26320,25516,20648,19660,19384,19059,15502,12660,10517,7890,4528,3064
0500000US48061,Cameron,Texas,CameronTexas,423908,206053,217855,34375,35150,36557,36286,30836,28519,23356,26684,25779,25313,21935,23778,17334,16663,15698,10067,7278,8300
0500000US48085,Collin,Texas,CollinTexas,1005146,494709,510437,62291,66963,83949,71535,58065,60038,68304,76560,83595,81652,69583,62864,49302,39306,30805,18950,10740,10644
0500000US48231,Hunt,Texas,HuntTexas,96493,47884,48609,6220,5441,7580,7900,6248,5210,5956,4991,6777,5864,6198,6031,7293,4284,4472,3109,1916,1003
0500000US48029,Bexar,Texas,BexarTexas,1986049,980600,1005449,142117,131037,151199,143367,146167,161793,154873,140672,127548,123988,112989,109330,100517,81307,62795,42614,27986,25750
0500000US48091,Comal,Texas,ComalTexas,148373,73782,74591,8668,9594,9266,9884,8069,8440,8412,10742,7933,10085,9126,9518,12194,8869,7902,3808,2500,3363
0500000US48361,Orange,Texas,OrangeTexas,83572,41520,42052,6308,4657,6022,5636,5520,5992,4787,4180,5560,5080,5182,5175,6140,4209,3409,2148,1837,1730
0500000US48497,Wise,Texas,WiseTexas,68305,34125,34180,4381,4267,5187,5507,3562,3911,3901,4862,3610,4841,4547,4858,4801,3407,2769,1581,1217,1096
0500000US48203,Harrison,Texas,HarrisonTexas,66726,32233,34493,3243,5096,4855,6029,4879,2663,4146,4393,4450,3823,3158,4384,4730,4715,2014,1696,1308,1144
0500000US48005,Angelina,Texas,AngelinaTexas,87092,42997,44095,5706,4969,7755,6032,5425,5152,4981,4946,5529,5468,5963,5974,5296,4379,3445,2575,1525,1972
0500000US48485,Wichita,Texas,WichitaTexas,132064,67373,64691,8351,7680,8877,11444,11494,9782,9514,8618,7603,7002,6260,8780,7497,6133,4678,3638,2362,2351
0500000US48251,Johnson,Texas,JohnsonTexas,171361,85556,85805,11798,13633,11465,11716,10153,10852,9970,13195,10019,11769,11243,13082,8793,8049,6218,5370,2502,1534
0500000US48309,McLennan,Texas,McLennanTexas,254607,124231,130376,17669,15495,19110,20979,26264,17841,16019,15035,15144,12634,13351,14155,14329,12437,8878,6225,4583,4459
0500000US48397,Rockwall,Texas,RockwallTexas,100657,48922,51735,5910,8056,8445,6805,4659,5404,6218,8017,9689,7074,6390,6861,4847,4243,3381,1804,1620,1234
0500000US48409,San Patricio,Texas,San PatricioTexas,66893,34023,32870,4713,5032,4901,4916,5036,3391,4518,3552,5017,3944,3836,4252,3750,3807,2244,2018,1123,843
0500000US48037,Bowie,Texas,BowieTexas,94324,47223,47101,6054,5387,7554,5262,5832,6730,6228,7947,5715,5121,5424,5500,6258,4684,4217,3087,1914,1410
0500000US48141,El Paso,Texas,El PasoTexas,840758,414919,425839,63202,58220,67889,64446,69120,68137,58294,53488,50954,49983,46300,44619,43052,33606,24868,19194,12716,12670
0500000US48139,Ellis,Texas,EllisTexas,179436,88519,90917,11556,14343,13291,13260,11815,11342,11138,12597,11584,12423,11312,13063,8952,8994,4648,4627,2344,2147
0500000US48201,Harris,Texas,HarrisTexas,4698619,2334547,2364072,354371,334559,360623,323424,313976,382535,373395,356793,314579,308536,277113,258393,245908,180311,128863,83375,52332,49533
0500000US48291,Liberty,Texas,LibertyTexas,86323,43214,43109,5870,6140,6723,6489,5316,6313,6142,4571,6955,4396,5968,5255,5303,4057,3007,2130,1085,603
0500000US48479,Webb,Texas,WebbTexas,275910,135706,140204,26011,22668,26807,25073,21805,19840,17753,17429,17363,16782,14560,14181,9635,8008,6810,5592,2997,2596
0500000US48183,Gregg,Texas,GreggTexas,123707,59025,64682,8692,7129,10770,8661,8395,8531,8070,8050,6952,7503,6520,7918,7542,6009,4939,2158,3041,2827
0500000US48347,Nacogdoches,Texas,NacogdochesTexas,65711,32131,33580,4236,4486,4011,7128,7668,3767,3365,3534,3643,3232,3771,4072,3248,2745,2959,2042,937,867
0500000US48439,Tarrant,Texas,TarrantTexas,2084931,1019965,1064966,146527,151171,158481,148172,139251,157989,153500,151950,133000,139400,131185,125116,113713,82063,62127,37722,26564,27000
0500000US48041,Brazos,Texas,BrazosTexas,226758,115417,111341,13748,12681,13321,22705,42569,20208,16083,13655,11620,10294,9964,11101,7813,7475,5330,4508,2374,1309
0500000US48209,Hays,Texas,HaysTexas,222631,111088,111543,13992,13843,14236,17845,28690,17137,15152,16219,12719,13673,11904,12112,10265,8988,6978,4458,2477,1943
0500000US48135,Ector,Texas,EctorTexas,162124,82718,79406,15107,13768,12735,12427,11107,14576,12395,12606,8239,9385,8180,8053,8375,3746,5328,2064,2772,1261
0500000US48423,Smith,Texas,SmithTexas,230221,111659,118562,15867,15539,15783,16419,15704,16084,14370,14008,13326,14144,13066,13807,14516,12213,9483,8194,4527,3171
0500000US48469,Victoria,Texas,VictoriaTexas,92035,44268,47767,6137,5051,8223,6963,5423,6479,5736,6381,4591,5508,5442,5455,5711,5154,3216,2838,1916,1811
0500000US48021,Bastrop,Texas,BastropTexas,86976,44143,42833,5947,5330,6778,7410,4981,4736,4583,5513,5420,6137,4691,6034,7108,4535,3610,1971,1596,596
0500000US48355,Nueces,Texas,NuecesTexas,362265,179696,182569,24407,24361,25302,26989,23801,25790,26651,25167,22122,20350,20373,21956,22265,19345,12395,9212,5898,5881
0500000US48441,Taylor,Texas,TaylorTexas,137640,66929,70711,9957,8557,10457,11431,14707,9162,8701,9926,6815,6828,6215,7383,8101,5554,4398,4104,2724,2620
0500000US48471,Walker,Texas,WalkerTexas,72480,40366,32114,2676,3341,3366,5545,11280,3796,4030,5711,5459,5249,4389,4143,4269,2884,3002,1035,1292,1013
0500000US48121,Denton,Texas,DentonTexas,859064,422997,436067,53770,59051,61465,61638,55466,62612,64704,69743,62300,66587,57893,55005,41692,29614,26523,13884,8603,8514
0500000US48375,Potter,Texas,PotterTexas,119648,61240,58408,9218,8962,9902,7551,8680,9067,8697,8206,5991,7452,7925,8163,6196,4734,3091,2330,1735,1748
0500000US48453,Travis,Texas,TravisTexas,1248743,630777,617966,78395,73167,76288,74414,82762,126568,123988,103371,96359,86362,72904,70764,59967,48008,31935,17953,11898,13640
0500000US48113,Dallas,Texas,DallasTexas,2637772,1301856,1335916,196902,189084,192624,179147,183880,227641,207994,188437,174309,168672,158191,150373,137336,100597,72582,49139,29440,31424
0500000US48167,Galveston,Texas,GalvestonTexas,337890,166749,171141,21439,21702,24649,22310,20126,21777,23409,24976,20204,22302,21084,26498,18679,17518,13692,7216,5890,4419
0500000US48213,Henderson,Texas,HendersonTexas,82299,38865,43434,4533,5002,5764,4384,4877,4679,4389,4333,4812,4162,4923,5402,6920,5906,4343,4141,2168,1561
0500000US48099,Coryell,Texas,CoryellTexas,74808,37030,37778,4995,4121,5527,4875,8414,6574,5561,6211,4637,4935,4405,4111,3143,2055,2336,1256,1102,550
0500000US48367,Parker,Texas,ParkerTexas,138371,68668,69703,8504,9315,10123,10472,6779,8334,8860,7442,9060,9417,9847,10377,8485,6511,6532,4188,2175,1950
0500000US48187,Guadalupe,Texas,GuadalupeTexas,163694,81228,82466,10245,12417,11097,13350,8691,9477,11474,10760,11590,11609,11179,10909,8804,7886,6021,3824,2532,1829
0500000US48215,Hidalgo,Texas,HidalgoTexas,865939,425393,440546,77170,75391,81494,76709,65787,62732,54074,53230,55932,51106,44116,37480,34703,30878,22625,17757,14213,10542
0500000US48329,Midland,Texas,MidlandTexas,172578,86130,86448,14717,13500,14023,11150,10478,15246,15029,12374,12140,9392,8411,8717,9201,6739,3657,2801,2670,2333
0500000US48245,Jefferson,Texas,JeffersonTexas,255001,130211,124790,17605,15460,18879,16084,17403,18936,18192,18094,15537,15249,14835,15945,16204,10331,9837,7374,3910,5126
0500000US48303,Lubbock,Texas,LubbockTexas,307412,151863,155549,20735,21350,19234,26705,37452,23792,20025,19022,18228,15021,15593,15512,17144,13296,8180,6843,4882,4398
0500000US48257,Kaufman,Texas,KaufmanTexas,128622,62516,66106,9284,9479,10628,10899,6323,8543,8698,9583,9463,7529,8145,6773,8250,4620,4549,2045,2189,1622
0500000US48381,Randall,Texas,RandallTexas,136271,67280,68991,8546,8746,9638,10151,9366,9374,9763,9717,7238,8891,7654,8140,8428,6820,5141,3106,2946,2606
0500000US48039,Brazoria,Texas,BrazoriaTexas,370200,187017,183183,25664,27708,28251,25904,22523,23587,24231,32312,25823,25386,22616,23618,18921,16238,11686,7176,4933,3623
0500000US48491,Williamson,Texas,WilliamsonTexas,566719,278884,287835,36808,40711,42770,39538,30524,36313,42689,50091,42692,42221,34522,31481,27700,22494,20583,9894,8376,7312
0500000US48157,Fort Bend,Texas,Fort BendTexas,787858,386679,401179,54463,59258,64041,58126,44845,44655,50282,59052,61278,59915,51249,49967,43447,33326,24587,13974,7764,7629
0500000US48181,Grayson,Texas,GraysonTexas,133991,65122,68869,8103,6969,10790,9282,8328,8546,7804,7048,8806,7662,8465,10823,7759,6647,7378,4323,2737,2521
0500000US48451,Tom Green,Texas,Tom GreenTexas,118189,59451,58738,8039,6750,9224,8773,9701,9894,8590,7689,5858,6071,6017,7055,6641,6529,4464,2734,1838,2322
0500000US48339,Montgomery,Texas,MontgomeryTexas,590925,294399,296526,40380,41196,47479,40999,34082,37997,37169,39232,42031,40598,39401,40934,31013,30605,18687,13837,9674,5611
0500000US51165,Rockingham,Virginia,RockinghamVirginia,81244,39572,41672,4391,5308,4959,5774,4969,4652,4679,4998,4242,5010,6040,4622,6391,3925,4438,2772,2119,1955
0500000US51700,Newport News city,Virginia,Newport News cityVirginia,178626,87141,91485,12716,10428,11695,13448,14645,15536,13689,9244,12187,9693,10576,10376,10976,7218,6500,4446,3262,1991
0500000US51710,Norfolk city,Virginia,Norfolk cityVirginia,244076,127098,116978,15896,12322,13069,17045,32698,26753,20191,15514,12613,11910,12040,13468,13286,9934,6637,3781,2998,3921
0500000US51810,Virginia Beach city,Virginia,Virginia Beach cityVirginia,450189,221277,228912,28088,28024,27126,25575,32323,38592,36018,29180,30234,27021,28342,29495,26320,22966,14477,11428,7182,7798
0500000US51650,Hampton city,Virginia,Hampton cityVirginia,134313,64444,69869,8344,6137,8461,8863,12393,11642,9067,7979,6914,7093,8299,10499,7927,6901,5189,3735,2046,2824
0500000US51800,Suffolk city,Virginia,Suffolk cityVirginia,91185,44445,46740,5881,5854,6698,5207,5624,5651,6300,6218,5376,6569,6234,6090,6338,4359,3463,2804,1230,1289
0500000US51041,Chesterfield,Virginia,ChesterfieldVirginia,348556,168655,179901,20758,22833,23920,24385,21716,20536,21510,23472,23110,24868,23423,23534,22465,19194,14216,8890,5368,4358
0500000US51061,Fauquier,Virginia,FauquierVirginia,70675,34514,36161,4160,3548,5732,4702,3360,5159,3827,4117,4339,4215,5304,5558,4721,4476,2381,2321,1859,896
0500000US51015,Augusta,Virginia,AugustaVirginia,75457,38441,37016,3449,3288,5211,4035,3532,4294,4315,3870,5389,5061,5259,5419,6236,5180,4062,2655,2275,1927
0500000US51550,Chesapeake city,Virginia,Chesapeake cityVirginia,242634,118384,124250,15072,17523,15751,16047,14803,16638,17584,18067,15666,15053,16002,18070,14313,10951,8685,5589,3669,3151
0500000US51770,Roanoke city,Virginia,Roanoke cityVirginia,99920,47479,52441,7311,6876,4839,4858,5867,7570,7934,6983,6761,5718,5614,5841,6843,5436,5016,2356,1046,3051
0500000US51107,Loudoun,Virginia,LoudounVirginia,406850,201651,205199,28912,31432,35252,28349,20980,20597,27644,35597,34111,34375,29403,23461,19016,14067,8862,7288,3636,3868
0500000US51179,Stafford,Virginia,StaffordVirginia,149960,75079,74881,9905,10288,11967,11148,10612,9483,10268,10759,10762,11082,10449,10371,7460,6904,3485,2418,1857,742
0500000US51510,Alexandria city,Virginia,Alexandria cityVirginia,160530,77087,83443,11064,8233,6350,7042,7056,14956,18481,17890,13298,10992,9093,8299,8181,5781,5763,3167,1868,3016
0500000US51003,Albemarle,Virginia,AlbemarleVirginia,108718,51711,57007,6351,5326,6378,8986,7803,7514,7510,6069,6055,5708,6452,6336,7266,6454,5184,4171,2289,2866
0500000US51680,Lynchburg city,Virginia,Lynchburg cityVirginia,82126,38123,44003,5526,4608,4176,7155,15507,6343,5005,2693,3709,3274,3878,3457,4889,3329,2582,2429,1881,1685
0500000US51095,James City,Virginia,James CityVirginia,76397,35319,41078,3484,4585,4630,5160,3540,3689,3711,3687,3921,5197,4389,4962,5917,4764,6176,3811,2709,2065
0500000US51161,Roanoke,Virginia,RoanokeVirginia,94073,45242,48831,4021,5490,5652,5942,4832,4674,6976,6789,4103,6169,6392,7124,6218,5517,5367,4556,2167,2084
0500000US51069,Frederick,Virginia,FrederickVirginia,88355,44753,43602,4626,5927,6316,5866,4490,5306,4991,5517,5816,5445,6778,6006,6110,5056,3748,2936,1688,1733
0500000US51059,Fairfax,Virginia,FairfaxVirginia,1150795,570773,580022,73089,74111,76368,72229,69726,74132,79243,88770,77632,83619,80437,78789,68011,55255,38826,26752,17743,16063
0500000US51740,Portsmouth city,Virginia,Portsmouth cityVirginia,94632,46138,48494,6852,7234,4639,5231,6913,8287,7428,6517,4745,5438,5719,6304,5391,4745,3455,2224,1967,1543
0500000US51013,Arlington,Virginia,ArlingtonVirginia,237521,119798,117723,14236,11891,11171,8995,17594,28957,27240,23655,16562,15751,13063,11358,12211,9080,5795,4012,2676,3274
0500000US51153,Prince William,Virginia,Prince WilliamVirginia,468011,233834,234177,34901,32758,38845,32286,29290,30159,32445,34743,36359,34245,32944,30907,21615,15757,13428,8962,5036,3331
0500000US51199,York,Virginia,YorkVirginia,67846,31895,35951,3937,4571,4899,4948,3606,4337,3949,4436,5065,3851,3777,4973,3961,4408,2689,1166,1702,1571
0500000US51177,Spotsylvania,Virginia,SpotsylvaniaVirginia,134238,66295,67943,8230,9423,9087,10076,8793,8031,7978,9812,8102,8246,9701,9691,7858,7282,4740,3757,2043,1388
0500000US51121,Montgomery,Virginia,MontgomeryVirginia,98985,51636,47349,3560,3507,4579,12950,18585,8303,5606,4238,4744,5774,4839,5386,4771,3938,3297,2117,1185,1606
0500000US51019,Bedford,Virginia,BedfordVirginia,78747,38605,40142,3558,4646,4157,4710,4443,3856,4033,3779,4309,5634,5895,6294,6742,6082,3838,2404,2607,1760
0500000US51087,Henrico,Virginia,HenricoVirginia,329261,156568,172693,19677,21917,19944,20049,19268,22853,23410,20535,23494,22443,21849,21511,20748,16762,13468,7044,6713,7576
0500000US51760,Richmond city,Virginia,Richmond cityVirginia,228783,107729,121054,13179,9420,10967,14555,19536,27701,22746,15862,12034,11724,12654,14917,13275,11243,7039,4469,2529,4933
0500000US51085,Hanover,Virginia,HanoverVirginia,107239,52446,54793,4545,6770,7749,7544,5938,5196,6467,5755,6442,8054,7828,8520,7544,6235,4750,3587,2018,2297
